"corp","StayID","room_use","date_occupied"
"B",1,"economy_room","2016-07-09 01:00:00"
"B",1,"economy_room","2016-07-10 01:00:00"
"B",1,"economy_room","2016-07-11 01:00:00"
"B",1,"economy_room","2016-07-12 01:00:00"
"A",2,"single_room","2016-01-31 01:00:00"
"A",2,"single_room","2016-02-01 01:00:00"
"A",2,"single_room","2016-02-02 01:00:00"
"A",2,"single_room","2016-02-03 01:00:00"
"A",2,"single_room","2016-02-04 01:00:00"
"C",3,"single_room","2015-12-08 01:00:00"
"C",3,"single_room","2015-12-09 01:00:00"
"C",3,"single_room","2015-12-10 01:00:00"
"C",3,"single_room","2015-12-11 01:00:00"
"C",3,"single_room","2015-12-12 01:00:00"
"A",4,"suite_room","2019-09-15 01:00:00"
"A",4,"suite_room","2019-09-16 01:00:00"
"A",4,"suite_room","2019-09-17 01:00:00"
"A",4,"suite_room","2019-09-18 01:00:00"
"E",5,"single_room","2016-12-08 01:00:00"
"E",5,"single_room","2016-12-09 01:00:00"
"E",5,"single_room","2016-12-10 01:00:00"
"B",6,"economy_room","2020-10-28 01:00:00"
"B",6,"economy_room","2020-10-29 01:00:00"
"B",6,"economy_room","2020-10-30 01:00:00"
"B",6,"economy_room","2020-10-31 01:00:00"
"B",6,"economy_room","2020-11-01 01:00:00"
"E",7,"double_room","2015-09-05 01:00:00"
"E",7,"double_room","2015-09-06 01:00:00"
"E",7,"double_room","2015-09-07 01:00:00"
"E",7,"double_room","2015-09-08 01:00:00"
"B",8,"double_room","2017-10-15 01:00:00"
"B",8,"double_room","2017-10-16 01:00:00"
"A",9,"economy_room","2020-05-19 01:00:00"
"A",9,"economy_room","2020-05-20 01:00:00"
"A",9,"economy_room","2020-05-21 01:00:00"
"A",9,"economy_room","2020-05-22 01:00:00"
"A",9,"economy_room","2020-05-23 01:00:00"
"A",9,"economy_room","2020-05-24 01:00:00"
"A",10,"single_room","2015-09-04 01:00:00"
"A",10,"single_room","2015-09-05 01:00:00"
"A",10,"single_room","2015-09-06 01:00:00"
"A",11,"single_room","2017-04-21 01:00:00"
"A",11,"single_room","2017-04-22 01:00:00"
"A",11,"single_room","2017-04-23 01:00:00"
"E",12,"single_room","2016-04-15 01:00:00"
"E",12,"single_room","2016-04-16 01:00:00"
"E",12,"single_room","2016-04-17 01:00:00"
"E",12,"single_room","2016-04-18 01:00:00"
"A",13,"single_room","2018-11-16 01:00:00"
"A",13,"single_room","2018-11-17 01:00:00"
"A",13,"single_room","2018-11-18 01:00:00"
"A",13,"single_room","2018-11-19 01:00:00"
"E",14,"single_room","2018-02-24 01:00:00"
"E",14,"single_room","2018-02-25 01:00:00"
"E",14,"single_room","2018-02-26 01:00:00"
"E",14,"single_room","2018-02-27 01:00:00"
"E",14,"single_room","2018-02-28 01:00:00"
"E",14,"single_room","2018-03-01 01:00:00"
"B",15,"single_room","2019-09-28 01:00:00"
"B",15,"single_room","2019-09-29 01:00:00"
"B",16,"single_room","2017-07-27 01:00:00"
"B",16,"single_room","2017-07-28 01:00:00"
"E",17,"economy_room","2019-03-17 01:00:00"
"E",17,"economy_room","2019-03-18 01:00:00"
"E",17,"economy_room","2019-03-19 01:00:00"
"E",17,"economy_room","2019-03-20 01:00:00"
"E",17,"economy_room","2019-03-21 01:00:00"
"A",18,"single_room","2018-07-08 01:00:00"
"A",18,"single_room","2018-07-09 01:00:00"
"A",18,"single_room","2018-07-10 01:00:00"
"A",18,"single_room","2018-07-11 01:00:00"
"A",18,"single_room","2018-07-12 01:00:00"
"A",18,"single_room","2018-07-13 01:00:00"
"B",19,"single_room","2015-10-14 01:00:00"
"B",19,"single_room","2015-10-15 01:00:00"
"C",20,"double_room","2020-04-28 01:00:00"
"C",20,"double_room","2020-04-29 01:00:00"
"C",20,"double_room","2020-04-30 01:00:00"
"E",21,"single_room","2019-04-09 01:00:00"
"E",21,"single_room","2019-04-10 01:00:00"
"E",21,"single_room","2019-04-11 01:00:00"
"E",21,"single_room","2019-04-12 01:00:00"
"C",22,"single_room","2015-10-10 01:00:00"
"C",22,"single_room","2015-10-11 01:00:00"
"C",22,"single_room","2015-10-12 01:00:00"
"C",22,"single_room","2015-10-13 01:00:00"
"D",23,"double_room","2016-08-15 01:00:00"
"D",23,"double_room","2016-08-16 01:00:00"
"D",23,"double_room","2016-08-17 01:00:00"
"C",24,"double_room","2019-05-02 01:00:00"
"C",24,"double_room","2019-05-03 01:00:00"
"D",25,"economy_room","2015-11-16 01:00:00"
"D",25,"economy_room","2015-11-17 01:00:00"
"D",25,"economy_room","2015-11-18 01:00:00"
"D",25,"economy_room","2015-11-19 01:00:00"
"A",26,"single_room","2020-03-23 01:00:00"
"A",26,"single_room","2020-03-24 01:00:00"
"A",26,"single_room","2020-03-25 01:00:00"
"A",26,"single_room","2020-03-26 01:00:00"
"A",26,"single_room","2020-03-27 01:00:00"
"A",26,"single_room","2020-03-28 01:00:00"
"A",26,"single_room","2020-03-29 01:00:00"
"E",27,"single_room","2016-01-17 01:00:00"
"E",27,"single_room","2016-01-18 01:00:00"
"E",27,"single_room","2016-01-19 01:00:00"
"A",28,"economy_room","2016-05-27 01:00:00"
"A",28,"economy_room","2016-05-28 01:00:00"
"A",28,"economy_room","2016-05-29 01:00:00"
"A",28,"economy_room","2016-05-30 01:00:00"
"C",29,"double_room","2019-09-30 01:00:00"
"C",29,"double_room","2019-10-01 01:00:00"
"C",29,"double_room","2019-10-02 01:00:00"
"A",30,"single_room","2016-05-18 01:00:00"
"A",30,"single_room","2016-05-19 01:00:00"
"A",30,"single_room","2016-05-20 01:00:00"
"A",30,"single_room","2016-05-21 01:00:00"
"D",31,"single_room","2020-11-01 01:00:00"
"D",31,"single_room","2020-11-02 01:00:00"
"D",31,"single_room","2020-11-03 01:00:00"
"B",32,"royalsuite","2016-11-27 01:00:00"
"B",32,"royalsuite","2016-11-28 01:00:00"
"B",32,"royalsuite","2016-11-29 01:00:00"
"D",33,"economy_room","2017-07-28 01:00:00"
"D",33,"economy_room","2017-07-29 01:00:00"
"D",33,"economy_room","2017-07-30 01:00:00"
"B",34,"single_room","2019-07-19 01:00:00"
"B",34,"single_room","2019-07-20 01:00:00"
"B",34,"single_room","2019-07-21 01:00:00"
"B",34,"single_room","2019-07-22 01:00:00"
"B",34,"single_room","2019-07-23 01:00:00"
"B",34,"single_room","2019-07-24 01:00:00"
"D",35,"single_room","2016-11-13 01:00:00"
"D",35,"single_room","2016-11-14 01:00:00"
"C",36,"double_room","2019-06-24 01:00:00"
"C",36,"double_room","2019-06-25 01:00:00"
"C",36,"double_room","2019-06-26 01:00:00"
"A",37,"single_room","2017-10-20 01:00:00"
"A",37,"single_room","2017-10-21 01:00:00"
"A",37,"single_room","2017-10-22 01:00:00"
"A",37,"single_room","2017-10-23 01:00:00"
"A",37,"single_room","2017-10-24 01:00:00"
"A",37,"single_room","2017-10-25 01:00:00"
"A",37,"single_room","2017-10-26 01:00:00"
"A",37,"single_room","2017-10-27 01:00:00"
"D",38,"single_room","2017-09-03 01:00:00"
"D",38,"single_room","2017-09-04 01:00:00"
"C",39,"single_room","2018-01-21 01:00:00"
"C",39,"single_room","2018-01-22 01:00:00"
"C",39,"single_room","2018-01-23 01:00:00"
"C",39,"single_room","2018-01-24 01:00:00"
"C",39,"single_room","2018-01-25 01:00:00"
"C",39,"single_room","2018-01-26 01:00:00"
"C",39,"single_room","2018-01-27 01:00:00"
"C",39,"single_room","2018-01-28 01:00:00"
"B",40,"economy_room","2018-03-07 01:00:00"
"B",40,"economy_room","2018-03-08 01:00:00"
"D",41,"economy_room","2019-04-16 01:00:00"
"D",41,"economy_room","2019-04-17 01:00:00"
"D",41,"economy_room","2019-04-18 01:00:00"
"D",41,"economy_room","2019-04-19 01:00:00"
"D",41,"economy_room","2019-04-20 01:00:00"
"C",42,"economy_room","2015-02-12 01:00:00"
"C",42,"economy_room","2015-02-13 01:00:00"
"A",43,"single_room","2019-02-28 01:00:00"
"A",43,"single_room","2019-03-01 01:00:00"
"A",43,"single_room","2019-03-02 01:00:00"
"A",43,"single_room","2019-03-03 01:00:00"
"A",43,"single_room","2019-03-04 01:00:00"
"A",44,"single_room","2020-06-12 01:00:00"
"A",44,"single_room","2020-06-13 01:00:00"
"A",44,"single_room","2020-06-14 01:00:00"
"A",44,"single_room","2020-06-15 01:00:00"
"A",44,"single_room","2020-06-16 01:00:00"
"D",45,"double_room","2017-12-19 01:00:00"
"D",45,"double_room","2017-12-20 01:00:00"
"D",45,"double_room","2017-12-21 01:00:00"
"D",45,"double_room","2017-12-22 01:00:00"
"D",45,"double_room","2017-12-23 01:00:00"
"B",46,"economy_room","2016-07-30 01:00:00"
"B",46,"economy_room","2016-07-31 01:00:00"
"B",46,"economy_room","2016-08-01 01:00:00"
"B",46,"economy_room","2016-08-02 01:00:00"
"B",46,"economy_room","2016-08-03 01:00:00"
"B",46,"economy_room","2016-08-04 01:00:00"
"A",47,"single_room","2020-12-19 01:00:00"
"A",47,"single_room","2020-12-20 01:00:00"
"A",47,"single_room","2020-12-21 01:00:00"
"D",48,"royalsuite","2016-05-14 01:00:00"
"D",48,"royalsuite","2016-05-15 01:00:00"
"D",48,"royalsuite","2016-05-16 01:00:00"
"D",48,"royalsuite","2016-05-17 01:00:00"
"D",48,"royalsuite","2016-05-18 01:00:00"
"D",48,"royalsuite","2016-05-19 01:00:00"
"C",49,"single_room","2020-12-23 01:00:00"
"C",49,"single_room","2020-12-24 01:00:00"
"C",49,"single_room","2020-12-25 01:00:00"
"C",49,"single_room","2020-12-26 01:00:00"
"C",49,"single_room","2020-12-27 01:00:00"
"A",50,"single_room","2018-03-30 01:00:00"
"A",50,"single_room","2018-03-31 01:00:00"
"A",50,"single_room","2018-04-01 01:00:00"
"A",50,"single_room","2018-04-02 01:00:00"
"B",51,"double_room","2018-04-15 01:00:00"
"B",51,"double_room","2018-04-16 01:00:00"
"B",51,"double_room","2018-04-17 01:00:00"
"B",51,"double_room","2018-04-18 01:00:00"
"B",51,"double_room","2018-04-19 01:00:00"
"B",51,"double_room","2018-04-20 01:00:00"
"B",51,"double_room","2018-04-21 01:00:00"
"B",51,"double_room","2018-04-22 01:00:00"
"A",52,"double_room","2017-12-01 01:00:00"
"A",52,"double_room","2017-12-02 01:00:00"
"A",52,"double_room","2017-12-03 01:00:00"
"A",52,"double_room","2017-12-04 01:00:00"
"A",52,"double_room","2017-12-05 01:00:00"
"A",52,"double_room","2017-12-06 01:00:00"
"E",53,"double_room","2019-04-22 01:00:00"
"E",53,"double_room","2019-04-23 01:00:00"
"E",54,"single_room","2018-08-04 01:00:00"
"E",54,"single_room","2018-08-05 01:00:00"
"E",54,"single_room","2018-08-06 01:00:00"
"E",54,"single_room","2018-08-07 01:00:00"
"E",54,"single_room","2018-08-08 01:00:00"
"C",55,"double_room","2019-10-01 01:00:00"
"C",55,"double_room","2019-10-02 01:00:00"
"C",55,"double_room","2019-10-03 01:00:00"
"D",56,"single_room","2018-09-29 01:00:00"
"D",56,"single_room","2018-09-30 01:00:00"
"D",56,"single_room","2018-10-01 01:00:00"
"D",56,"single_room","2018-10-02 01:00:00"
"D",56,"single_room","2018-10-03 01:00:00"
"D",56,"single_room","2018-10-04 01:00:00"
"D",56,"single_room","2018-10-05 01:00:00"
"B",57,"single_room","2015-12-27 01:00:00"
"B",57,"single_room","2015-12-28 01:00:00"
"B",57,"single_room","2015-12-29 01:00:00"
"B",57,"single_room","2015-12-30 01:00:00"
"B",57,"single_room","2015-12-31 01:00:00"
"B",57,"single_room","2016-01-01 01:00:00"
"B",57,"single_room","2016-01-02 01:00:00"
"A",58,"economy_room","2019-01-18 01:00:00"
"A",58,"economy_room","2019-01-19 01:00:00"
"A",58,"economy_room","2019-01-20 01:00:00"
"A",58,"economy_room","2019-01-21 01:00:00"
"B",59,"economy_room","2018-05-20 01:00:00"
"B",59,"economy_room","2018-05-21 01:00:00"
"B",59,"economy_room","2018-05-22 01:00:00"
"B",59,"economy_room","2018-05-23 01:00:00"
"B",59,"economy_room","2018-05-24 01:00:00"
"A",60,"single_room","2019-08-06 01:00:00"
"A",60,"single_room","2019-08-07 01:00:00"
"C",61,"suite_room","2017-11-24 01:00:00"
"C",61,"suite_room","2017-11-25 01:00:00"
"A",62,"single_room","2017-08-15 01:00:00"
"A",62,"single_room","2017-08-16 01:00:00"
"A",62,"single_room","2017-08-17 01:00:00"
"A",62,"single_room","2017-08-18 01:00:00"
"C",63,"economy_room","2015-05-13 01:00:00"
"C",63,"economy_room","2015-05-14 01:00:00"
"C",63,"economy_room","2015-05-15 01:00:00"
"E",64,"single_room","2017-01-22 01:00:00"
"E",64,"single_room","2017-01-23 01:00:00"
"E",64,"single_room","2017-01-24 01:00:00"
"E",65,"double_room","2018-02-11 01:00:00"
"E",65,"double_room","2018-02-12 01:00:00"
"E",65,"double_room","2018-02-13 01:00:00"
"E",65,"double_room","2018-02-14 01:00:00"
"E",65,"double_room","2018-02-15 01:00:00"
"E",66,"economy_room","2019-12-26 01:00:00"
"E",66,"economy_room","2019-12-27 01:00:00"
"E",66,"economy_room","2019-12-28 01:00:00"
"E",66,"economy_room","2019-12-29 01:00:00"
"E",66,"economy_room","2019-12-30 01:00:00"
"E",66,"economy_room","2019-12-31 01:00:00"
"D",67,"economy_room","2020-06-16 01:00:00"
"D",67,"economy_room","2020-06-17 01:00:00"
"D",67,"economy_room","2020-06-18 01:00:00"
"D",67,"economy_room","2020-06-19 01:00:00"
"D",67,"economy_room","2020-06-20 01:00:00"
"D",68,"double_room","2015-05-21 01:00:00"
"D",68,"double_room","2015-05-22 01:00:00"
"D",68,"double_room","2015-05-23 01:00:00"
"D",68,"double_room","2015-05-24 01:00:00"
"D",68,"double_room","2015-05-25 01:00:00"
"B",69,"economy_room","2019-09-21 01:00:00"
"B",69,"economy_room","2019-09-22 01:00:00"
"B",69,"economy_room","2019-09-23 01:00:00"
"B",70,"double_room","2017-12-12 01:00:00"
"B",70,"double_room","2017-12-13 01:00:00"
"B",70,"double_room","2017-12-14 01:00:00"
"B",70,"double_room","2017-12-15 01:00:00"
"B",70,"double_room","2017-12-16 01:00:00"
"A",71,"single_room","2017-01-19 01:00:00"
"A",71,"single_room","2017-01-20 01:00:00"
"A",71,"single_room","2017-01-21 01:00:00"
"A",71,"single_room","2017-01-22 01:00:00"
"A",71,"single_room","2017-01-23 01:00:00"
"A",71,"single_room","2017-01-24 01:00:00"
"C",72,"double_room","2017-05-11 01:00:00"
"C",72,"double_room","2017-05-12 01:00:00"
"C",72,"double_room","2017-05-13 01:00:00"
"C",72,"double_room","2017-05-14 01:00:00"
"C",72,"double_room","2017-05-15 01:00:00"
"E",73,"double_room","2015-03-16 01:00:00"
"E",73,"double_room","2015-03-17 01:00:00"
"D",74,"single_room","2017-06-11 01:00:00"
"D",74,"single_room","2017-06-12 01:00:00"
"D",74,"single_room","2017-06-13 01:00:00"
"E",75,"double_room","2017-02-03 01:00:00"
"E",75,"double_room","2017-02-04 01:00:00"
"E",75,"double_room","2017-02-05 01:00:00"
"E",75,"double_room","2017-02-06 01:00:00"
"E",75,"double_room","2017-02-07 01:00:00"
"D",76,"single_room","2017-10-20 01:00:00"
"D",76,"single_room","2017-10-21 01:00:00"
"D",76,"single_room","2017-10-22 01:00:00"
"D",76,"single_room","2017-10-23 01:00:00"
"E",77,"royalsuite","2020-03-05 01:00:00"
"E",77,"royalsuite","2020-03-06 01:00:00"
"C",78,"single_room","2016-03-07 01:00:00"
"C",78,"single_room","2016-03-08 01:00:00"
"C",78,"single_room","2016-03-09 01:00:00"
"C",78,"single_room","2016-03-10 01:00:00"
"D",79,"single_room","2015-05-14 01:00:00"
"D",79,"single_room","2015-05-15 01:00:00"
"D",79,"single_room","2015-05-16 01:00:00"
"D",79,"single_room","2015-05-17 01:00:00"
"E",80,"single_room","2019-04-03 01:00:00"
"E",80,"single_room","2019-04-04 01:00:00"
"E",80,"single_room","2019-04-05 01:00:00"
"E",80,"single_room","2019-04-06 01:00:00"
"D",81,"economy_room","2017-06-09 01:00:00"
"D",81,"economy_room","2017-06-10 01:00:00"
"D",81,"economy_room","2017-06-11 01:00:00"
"D",81,"economy_room","2017-06-12 01:00:00"
"C",82,"economy_room","2019-12-05 01:00:00"
"C",82,"economy_room","2019-12-06 01:00:00"
"C",82,"economy_room","2019-12-07 01:00:00"
"C",82,"economy_room","2019-12-08 01:00:00"
"E",83,"single_room","2019-03-10 01:00:00"
"E",83,"single_room","2019-03-11 01:00:00"
"E",83,"single_room","2019-03-12 01:00:00"
"E",83,"single_room","2019-03-13 01:00:00"
"A",84,"single_room","2017-02-21 01:00:00"
"A",84,"single_room","2017-02-22 01:00:00"
"A",84,"single_room","2017-02-23 01:00:00"
"A",84,"single_room","2017-02-24 01:00:00"
"E",85,"economy_room","2018-01-19 01:00:00"
"E",85,"economy_room","2018-01-20 01:00:00"
"E",85,"economy_room","2018-01-21 01:00:00"
"E",86,"economy_room","2018-06-25 01:00:00"
"E",86,"economy_room","2018-06-26 01:00:00"
"E",86,"economy_room","2018-06-27 01:00:00"
"E",86,"economy_room","2018-06-28 01:00:00"
"E",86,"economy_room","2018-06-29 01:00:00"
"C",87,"double_room","2020-11-12 01:00:00"
"C",87,"double_room","2020-11-13 01:00:00"
"C",87,"double_room","2020-11-14 01:00:00"
"E",88,"suite_room","2019-12-24 01:00:00"
"E",88,"suite_room","2019-12-25 01:00:00"
"E",88,"suite_room","2019-12-26 01:00:00"
"E",88,"suite_room","2019-12-27 01:00:00"
"E",88,"suite_room","2019-12-28 01:00:00"
"E",88,"suite_room","2019-12-29 01:00:00"
"D",89,"single_room","2020-10-03 01:00:00"
"D",89,"single_room","2020-10-04 01:00:00"
"D",89,"single_room","2020-10-05 01:00:00"
"D",89,"single_room","2020-10-06 01:00:00"
"D",89,"single_room","2020-10-07 01:00:00"
"D",89,"single_room","2020-10-08 01:00:00"
"A",90,"single_room","2018-10-15 01:00:00"
"A",90,"single_room","2018-10-16 01:00:00"
"A",90,"single_room","2018-10-17 01:00:00"
"A",90,"single_room","2018-10-18 01:00:00"
"B",91,"double_room","2016-11-17 01:00:00"
"B",91,"double_room","2016-11-18 01:00:00"
"B",91,"double_room","2016-11-19 01:00:00"
"B",92,"single_room","2017-06-10 01:00:00"
"B",92,"single_room","2017-06-11 01:00:00"
"B",92,"single_room","2017-06-12 01:00:00"
"B",92,"single_room","2017-06-13 01:00:00"
"B",92,"single_room","2017-06-14 01:00:00"
"A",93,"single_room","2015-04-19 01:00:00"
"A",93,"single_room","2015-04-20 01:00:00"
"A",93,"single_room","2015-04-21 01:00:00"
"A",93,"single_room","2015-04-22 01:00:00"
"E",94,"single_room","2017-07-17 01:00:00"
"E",94,"single_room","2017-07-18 01:00:00"
"E",94,"single_room","2017-07-19 01:00:00"
"E",94,"single_room","2017-07-20 01:00:00"
"B",95,"economy_room","2017-06-26 01:00:00"
"B",95,"economy_room","2017-06-27 01:00:00"
"B",95,"economy_room","2017-06-28 01:00:00"
"B",95,"economy_room","2017-06-29 01:00:00"
"B",95,"economy_room","2017-06-30 01:00:00"
"B",95,"economy_room","2017-07-01 01:00:00"
"B",95,"economy_room","2017-07-02 01:00:00"
"A",96,"single_room","2017-03-01 01:00:00"
"A",96,"single_room","2017-03-02 01:00:00"
"A",96,"single_room","2017-03-03 01:00:00"
"A",96,"single_room","2017-03-04 01:00:00"
"A",96,"single_room","2017-03-05 01:00:00"
"A",96,"single_room","2017-03-06 01:00:00"
"A",96,"single_room","2017-03-07 01:00:00"
"E",97,"double_room","2018-05-17 01:00:00"
"E",97,"double_room","2018-05-18 01:00:00"
"E",97,"double_room","2018-05-19 01:00:00"
"A",98,"suite_room","2018-05-23 01:00:00"
"A",98,"suite_room","2018-05-24 01:00:00"
"A",98,"suite_room","2018-05-25 01:00:00"
"A",98,"suite_room","2018-05-26 01:00:00"
"A",98,"suite_room","2018-05-27 01:00:00"
"E",99,"economy_room","2019-06-06 01:00:00"
"E",99,"economy_room","2019-06-07 01:00:00"
"E",99,"economy_room","2019-06-08 01:00:00"
"E",99,"economy_room","2019-06-09 01:00:00"
"A",100,"economy_room","2015-07-23 01:00:00"
"A",100,"economy_room","2015-07-24 01:00:00"
"A",100,"economy_room","2015-07-25 01:00:00"
"A",100,"economy_room","2015-07-26 01:00:00"
"A",100,"economy_room","2015-07-27 01:00:00"
"A",101,"double_room","2015-03-01 01:00:00"
"A",101,"double_room","2015-03-02 01:00:00"
"A",101,"double_room","2015-03-03 01:00:00"
"B",102,"economy_room","2015-04-06 01:00:00"
"B",102,"economy_room","2015-04-07 01:00:00"
"B",102,"economy_room","2015-04-08 01:00:00"
"B",102,"economy_room","2015-04-09 01:00:00"
"B",102,"economy_room","2015-04-10 01:00:00"
"E",103,"single_room","2019-01-23 01:00:00"
"E",103,"single_room","2019-01-24 01:00:00"
"E",103,"single_room","2019-01-25 01:00:00"
"E",104,"suite_room","2018-01-10 01:00:00"
"E",104,"suite_room","2018-01-11 01:00:00"
"E",104,"suite_room","2018-01-12 01:00:00"
"C",105,"single_room","2020-11-01 01:00:00"
"C",105,"single_room","2020-11-02 01:00:00"
"C",105,"single_room","2020-11-03 01:00:00"
"C",105,"single_room","2020-11-04 01:00:00"
"B",106,"single_room","2019-07-09 01:00:00"
"B",106,"single_room","2019-07-10 01:00:00"
"B",106,"single_room","2019-07-11 01:00:00"
"B",106,"single_room","2019-07-12 01:00:00"
"A",107,"single_room","2018-06-08 01:00:00"
"A",107,"single_room","2018-06-09 01:00:00"
"B",108,"single_room","2018-10-24 01:00:00"
"B",108,"single_room","2018-10-25 01:00:00"
"B",108,"single_room","2018-10-26 01:00:00"
"D",109,"single_room","2020-09-23 01:00:00"
"D",109,"single_room","2020-09-24 01:00:00"
"A",110,"single_room","2017-01-12 01:00:00"
"A",110,"single_room","2017-01-13 01:00:00"
"A",110,"single_room","2017-01-14 01:00:00"
"A",110,"single_room","2017-01-15 01:00:00"
"D",111,"single_room","2017-03-16 01:00:00"
"D",111,"single_room","2017-03-17 01:00:00"
"D",111,"single_room","2017-03-18 01:00:00"
"D",111,"single_room","2017-03-19 01:00:00"
"C",112,"double_room","2017-05-14 01:00:00"
"C",112,"double_room","2017-05-15 01:00:00"
"C",112,"double_room","2017-05-16 01:00:00"
"C",112,"double_room","2017-05-17 01:00:00"
"C",112,"double_room","2017-05-18 01:00:00"
"D",113,"royalsuite","2019-08-08 01:00:00"
"D",113,"royalsuite","2019-08-09 01:00:00"
"D",113,"royalsuite","2019-08-10 01:00:00"
"B",114,"economy_room","2018-02-24 01:00:00"
"B",114,"economy_room","2018-02-25 01:00:00"
"B",114,"economy_room","2018-02-26 01:00:00"
"B",114,"economy_room","2018-02-27 01:00:00"
"B",114,"economy_room","2018-02-28 01:00:00"
"D",115,"double_room","2015-11-29 01:00:00"
"D",115,"double_room","2015-11-30 01:00:00"
"D",115,"double_room","2015-12-01 01:00:00"
"D",115,"double_room","2015-12-02 01:00:00"
"D",115,"double_room","2015-12-03 01:00:00"
"B",116,"single_room","2019-10-21 01:00:00"
"B",116,"single_room","2019-10-22 01:00:00"
"B",116,"single_room","2019-10-23 01:00:00"
"B",116,"single_room","2019-10-24 01:00:00"
"B",117,"double_room","2016-06-03 01:00:00"
"B",117,"double_room","2016-06-04 01:00:00"
"B",117,"double_room","2016-06-05 01:00:00"
"D",118,"economy_room","2016-01-24 01:00:00"
"D",118,"economy_room","2016-01-25 01:00:00"
"D",118,"economy_room","2016-01-26 01:00:00"
"A",119,"double_room","2017-01-28 01:00:00"
"A",119,"double_room","2017-01-29 01:00:00"
"A",119,"double_room","2017-01-30 01:00:00"
"B",120,"suite_room","2020-11-04 01:00:00"
"B",120,"suite_room","2020-11-05 01:00:00"
"B",120,"suite_room","2020-11-06 01:00:00"
"C",121,"suite_room","2016-02-22 01:00:00"
"C",121,"suite_room","2016-02-23 01:00:00"
"C",121,"suite_room","2016-02-24 01:00:00"
"C",121,"suite_room","2016-02-25 01:00:00"
"D",122,"double_room","2017-12-26 01:00:00"
"D",122,"double_room","2017-12-27 01:00:00"
"D",122,"double_room","2017-12-28 01:00:00"
"D",122,"double_room","2017-12-29 01:00:00"
"D",122,"double_room","2017-12-30 01:00:00"
"D",122,"double_room","2017-12-31 01:00:00"
"D",122,"double_room","2018-01-01 01:00:00"
"B",123,"double_room","2016-02-23 01:00:00"
"B",123,"double_room","2016-02-24 01:00:00"
"B",123,"double_room","2016-02-25 01:00:00"
"B",123,"double_room","2016-02-26 01:00:00"
"C",124,"single_room","2018-09-23 01:00:00"
"C",124,"single_room","2018-09-24 01:00:00"
"C",124,"single_room","2018-09-25 01:00:00"
"C",125,"single_room","2020-01-31 01:00:00"
"C",125,"single_room","2020-02-01 01:00:00"
"C",125,"single_room","2020-02-02 01:00:00"
"B",126,"single_room","2015-11-16 01:00:00"
"B",126,"single_room","2015-11-17 01:00:00"
"B",126,"single_room","2015-11-18 01:00:00"
"D",127,"suite_room","2016-03-16 01:00:00"
"D",127,"suite_room","2016-03-17 01:00:00"
"D",127,"suite_room","2016-03-18 01:00:00"
"D",127,"suite_room","2016-03-19 01:00:00"
"A",128,"double_room","2017-08-23 01:00:00"
"A",128,"double_room","2017-08-24 01:00:00"
"A",128,"double_room","2017-08-25 01:00:00"
"A",128,"double_room","2017-08-26 01:00:00"
"B",129,"suite_room","2020-03-18 01:00:00"
"B",129,"suite_room","2020-03-19 01:00:00"
"B",129,"suite_room","2020-03-20 01:00:00"
"C",130,"single_room","2018-12-21 01:00:00"
"C",130,"single_room","2018-12-22 01:00:00"
"D",131,"economy_room","2020-07-01 01:00:00"
"D",131,"economy_room","2020-07-02 01:00:00"
"D",131,"economy_room","2020-07-03 01:00:00"
"A",132,"single_room","2017-02-12 01:00:00"
"A",132,"single_room","2017-02-13 01:00:00"
"E",133,"double_room","2016-05-19 01:00:00"
"E",133,"double_room","2016-05-20 01:00:00"
"E",133,"double_room","2016-05-21 01:00:00"
"E",133,"double_room","2016-05-22 01:00:00"
"A",134,"single_room","2018-03-04 01:00:00"
"A",134,"single_room","2018-03-05 01:00:00"
"D",135,"suite_room","2016-07-15 01:00:00"
"D",135,"suite_room","2016-07-16 01:00:00"
"D",135,"suite_room","2016-07-17 01:00:00"
"D",135,"suite_room","2016-07-18 01:00:00"
"E",136,"single_room","2017-03-15 01:00:00"
"E",136,"single_room","2017-03-16 01:00:00"
"E",136,"single_room","2017-03-17 01:00:00"
"E",136,"single_room","2017-03-18 01:00:00"
"A",137,"single_room","2015-08-27 01:00:00"
"A",137,"single_room","2015-08-28 01:00:00"
"A",137,"single_room","2015-08-29 01:00:00"
"C",138,"economy_room","2020-01-19 01:00:00"
"C",138,"economy_room","2020-01-20 01:00:00"
"C",138,"economy_room","2020-01-21 01:00:00"
"C",138,"economy_room","2020-01-22 01:00:00"
"B",139,"economy_room","2020-05-29 01:00:00"
"B",139,"economy_room","2020-05-30 01:00:00"
"B",139,"economy_room","2020-05-31 01:00:00"
"C",140,"economy_room","2020-05-23 01:00:00"
"C",140,"economy_room","2020-05-24 01:00:00"
"B",141,"single_room","2017-05-09 01:00:00"
"B",141,"single_room","2017-05-10 01:00:00"
"B",141,"single_room","2017-05-11 01:00:00"
"B",141,"single_room","2017-05-12 01:00:00"
"A",142,"double_room","2020-02-26 01:00:00"
"A",142,"double_room","2020-02-27 01:00:00"
"A",142,"double_room","2020-02-28 01:00:00"
"D",143,"single_room","2015-07-26 01:00:00"
"D",143,"single_room","2015-07-27 01:00:00"
"D",143,"single_room","2015-07-28 01:00:00"
"A",144,"single_room","2019-01-17 01:00:00"
"A",144,"single_room","2019-01-18 01:00:00"
"A",144,"single_room","2019-01-19 01:00:00"
"E",145,"single_room","2019-02-09 01:00:00"
"E",145,"single_room","2019-02-10 01:00:00"
"E",145,"single_room","2019-02-11 01:00:00"
"E",145,"single_room","2019-02-12 01:00:00"
"E",145,"single_room","2019-02-13 01:00:00"
"B",146,"single_room","2017-06-28 01:00:00"
"B",146,"single_room","2017-06-29 01:00:00"
"B",146,"single_room","2017-06-30 01:00:00"
"B",146,"single_room","2017-07-01 01:00:00"
"C",147,"single_room","2020-06-19 01:00:00"
"C",147,"single_room","2020-06-20 01:00:00"
"A",148,"single_room","2016-01-30 01:00:00"
"A",148,"single_room","2016-01-31 01:00:00"
"A",148,"single_room","2016-02-01 01:00:00"
"A",148,"single_room","2016-02-02 01:00:00"
"A",148,"single_room","2016-02-03 01:00:00"
"E",149,"double_room","2020-07-30 01:00:00"
"E",149,"double_room","2020-07-31 01:00:00"
"E",149,"double_room","2020-08-01 01:00:00"
"E",149,"double_room","2020-08-02 01:00:00"
"E",149,"double_room","2020-08-03 01:00:00"
"E",149,"double_room","2020-08-04 01:00:00"
"C",150,"single_room","2018-05-04 01:00:00"
"C",150,"single_room","2018-05-05 01:00:00"
"C",150,"single_room","2018-05-06 01:00:00"
"C",150,"single_room","2018-05-07 01:00:00"
"C",150,"single_room","2018-05-08 01:00:00"
"C",150,"single_room","2018-05-09 01:00:00"
"E",151,"economy_room","2018-12-13 01:00:00"
"E",151,"economy_room","2018-12-14 01:00:00"
"E",151,"economy_room","2018-12-15 01:00:00"
"E",151,"economy_room","2018-12-16 01:00:00"
"E",151,"economy_room","2018-12-17 01:00:00"
"D",152,"single_room","2015-04-17 01:00:00"
"D",152,"single_room","2015-04-18 01:00:00"
"C",153,"economy_room","2015-07-14 01:00:00"
"C",153,"economy_room","2015-07-15 01:00:00"
"C",153,"economy_room","2015-07-16 01:00:00"
"C",153,"economy_room","2015-07-17 01:00:00"
"C",153,"economy_room","2015-07-18 01:00:00"
"C",154,"single_room","2015-06-07 01:00:00"
"C",154,"single_room","2015-06-08 01:00:00"
"C",154,"single_room","2015-06-09 01:00:00"
"C",154,"single_room","2015-06-10 01:00:00"
"C",154,"single_room","2015-06-11 01:00:00"
"D",155,"suite_room","2015-09-27 01:00:00"
"D",155,"suite_room","2015-09-28 01:00:00"
"D",155,"suite_room","2015-09-29 01:00:00"
"A",156,"single_room","2015-03-04 01:00:00"
"A",156,"single_room","2015-03-05 01:00:00"
"A",156,"single_room","2015-03-06 01:00:00"
"A",156,"single_room","2015-03-07 01:00:00"
"A",156,"single_room","2015-03-08 01:00:00"
"A",156,"single_room","2015-03-09 01:00:00"
"C",157,"double_room","2019-04-28 01:00:00"
"C",157,"double_room","2019-04-29 01:00:00"
"C",157,"double_room","2019-04-30 01:00:00"
"E",158,"economy_room","2015-02-23 01:00:00"
"E",158,"economy_room","2015-02-24 01:00:00"
"E",158,"economy_room","2015-02-25 01:00:00"
"E",158,"economy_room","2015-02-26 01:00:00"
"E",158,"economy_room","2015-02-27 01:00:00"
"E",158,"economy_room","2015-02-28 01:00:00"
"B",159,"single_room","2016-09-27 01:00:00"
"B",159,"single_room","2016-09-28 01:00:00"
"B",160,"economy_room","2015-03-09 01:00:00"
"B",160,"economy_room","2015-03-10 01:00:00"
"B",160,"economy_room","2015-03-11 01:00:00"
"B",160,"economy_room","2015-03-12 01:00:00"
"B",161,"single_room","2020-03-31 01:00:00"
"B",161,"single_room","2020-04-01 01:00:00"
"B",161,"single_room","2020-04-02 01:00:00"
"B",161,"single_room","2020-04-03 01:00:00"
"B",161,"single_room","2020-04-04 01:00:00"
"B",161,"single_room","2020-04-05 01:00:00"
"A",162,"single_room","2019-07-07 01:00:00"
"A",162,"single_room","2019-07-08 01:00:00"
"A",162,"single_room","2019-07-09 01:00:00"
"A",162,"single_room","2019-07-10 01:00:00"
"A",162,"single_room","2019-07-11 01:00:00"
"A",162,"single_room","2019-07-12 01:00:00"
"E",163,"single_room","2016-10-31 01:00:00"
"E",163,"single_room","2016-11-01 01:00:00"
"E",163,"single_room","2016-11-02 01:00:00"
"E",163,"single_room","2016-11-03 01:00:00"
"A",164,"single_room","2019-10-11 01:00:00"
"A",164,"single_room","2019-10-12 01:00:00"
"A",164,"single_room","2019-10-13 01:00:00"
"A",164,"single_room","2019-10-14 01:00:00"
"A",165,"single_room","2016-03-04 01:00:00"
"A",165,"single_room","2016-03-05 01:00:00"
"A",165,"single_room","2016-03-06 01:00:00"
"A",165,"single_room","2016-03-07 01:00:00"
"A",165,"single_room","2016-03-08 01:00:00"
"A",165,"single_room","2016-03-09 01:00:00"
"A",165,"single_room","2016-03-10 01:00:00"
"A",165,"single_room","2016-03-11 01:00:00"
"A",166,"single_room","2020-02-11 01:00:00"
"A",166,"single_room","2020-02-12 01:00:00"
"A",166,"single_room","2020-02-13 01:00:00"
"A",166,"single_room","2020-02-14 01:00:00"
"A",166,"single_room","2020-02-15 01:00:00"
"A",166,"single_room","2020-02-16 01:00:00"
"A",166,"single_room","2020-02-17 01:00:00"
"D",167,"suite_room","2016-03-21 01:00:00"
"D",167,"suite_room","2016-03-22 01:00:00"
"D",167,"suite_room","2016-03-23 01:00:00"
"D",167,"suite_room","2016-03-24 01:00:00"
"D",167,"suite_room","2016-03-25 01:00:00"
"D",167,"suite_room","2016-03-26 01:00:00"
"D",167,"suite_room","2016-03-27 01:00:00"
"D",167,"suite_room","2016-03-28 01:00:00"
"E",168,"economy_room","2017-08-21 01:00:00"
"E",168,"economy_room","2017-08-22 01:00:00"
"E",169,"suite_room","2016-04-17 01:00:00"
"E",169,"suite_room","2016-04-18 01:00:00"
"E",169,"suite_room","2016-04-19 01:00:00"
"E",169,"suite_room","2016-04-20 01:00:00"
"E",169,"suite_room","2016-04-21 01:00:00"
"E",169,"suite_room","2016-04-22 01:00:00"
"E",169,"suite_room","2016-04-23 01:00:00"
"E",169,"suite_room","2016-04-24 01:00:00"
"B",170,"economy_room","2019-03-10 01:00:00"
"B",170,"economy_room","2019-03-11 01:00:00"
"A",171,"economy_room","2020-10-13 01:00:00"
"A",171,"economy_room","2020-10-14 01:00:00"
"A",171,"economy_room","2020-10-15 01:00:00"
"A",171,"economy_room","2020-10-16 01:00:00"
"A",171,"economy_room","2020-10-17 01:00:00"
"B",172,"single_room","2020-06-08 01:00:00"
"B",172,"single_room","2020-06-09 01:00:00"
"B",172,"single_room","2020-06-10 01:00:00"
"B",172,"single_room","2020-06-11 01:00:00"
"C",173,"single_room","2017-03-26 01:00:00"
"C",173,"single_room","2017-03-27 01:00:00"
"C",174,"double_room","2018-06-30 01:00:00"
"C",174,"double_room","2018-07-01 01:00:00"
"C",174,"double_room","2018-07-02 01:00:00"
"C",174,"double_room","2018-07-03 01:00:00"
"C",174,"double_room","2018-07-04 01:00:00"
"E",175,"single_room","2020-01-01 01:00:00"
"E",175,"single_room","2020-01-02 01:00:00"
"E",175,"single_room","2020-01-03 01:00:00"
"E",175,"single_room","2020-01-04 01:00:00"
"E",176,"single_room","2017-01-04 01:00:00"
"E",176,"single_room","2017-01-05 01:00:00"
"E",176,"single_room","2017-01-06 01:00:00"
"E",176,"single_room","2017-01-07 01:00:00"
"E",176,"single_room","2017-01-08 01:00:00"
"E",176,"single_room","2017-01-09 01:00:00"
"C",177,"double_room","2019-10-25 01:00:00"
"C",177,"double_room","2019-10-26 01:00:00"
"C",177,"double_room","2019-10-27 01:00:00"
"D",178,"single_room","2020-08-01 01:00:00"
"D",178,"single_room","2020-08-02 01:00:00"
"B",179,"single_room","2016-09-01 01:00:00"
"B",179,"single_room","2016-09-02 01:00:00"
"B",179,"single_room","2016-09-03 01:00:00"
"D",180,"single_room","2019-10-22 01:00:00"
"D",180,"single_room","2019-10-23 01:00:00"
"D",180,"single_room","2019-10-24 01:00:00"
"E",181,"double_room","2016-01-30 01:00:00"
"E",181,"double_room","2016-01-31 01:00:00"
"E",181,"double_room","2016-02-01 01:00:00"
"D",182,"single_room","2016-04-22 01:00:00"
"D",182,"single_room","2016-04-23 01:00:00"
"D",182,"single_room","2016-04-24 01:00:00"
"D",182,"single_room","2016-04-25 01:00:00"
"E",183,"single_room","2019-12-07 01:00:00"
"E",183,"single_room","2019-12-08 01:00:00"
"E",183,"single_room","2019-12-09 01:00:00"
"E",183,"single_room","2019-12-10 01:00:00"
"D",184,"economy_room","2018-10-22 01:00:00"
"D",184,"economy_room","2018-10-23 01:00:00"
"D",184,"economy_room","2018-10-24 01:00:00"
"A",185,"single_room","2020-06-30 01:00:00"
"A",185,"single_room","2020-07-01 01:00:00"
"D",186,"single_room","2019-03-13 01:00:00"
"D",186,"single_room","2019-03-14 01:00:00"
"D",186,"single_room","2019-03-15 01:00:00"
"D",187,"double_room","2017-08-07 01:00:00"
"D",187,"double_room","2017-08-08 01:00:00"
"D",187,"double_room","2017-08-09 01:00:00"
"D",187,"double_room","2017-08-10 01:00:00"
"D",187,"double_room","2017-08-11 01:00:00"
"D",188,"single_room","2015-10-25 01:00:00"
"D",188,"single_room","2015-10-26 01:00:00"
"A",189,"single_room","2019-08-28 01:00:00"
"A",189,"single_room","2019-08-29 01:00:00"
"A",189,"single_room","2019-08-30 01:00:00"
"A",189,"single_room","2019-08-31 01:00:00"
"A",189,"single_room","2019-09-01 01:00:00"
"E",190,"economy_room","2016-07-05 01:00:00"
"E",190,"economy_room","2016-07-06 01:00:00"
"E",190,"economy_room","2016-07-07 01:00:00"
"B",191,"suite_room","2019-09-27 01:00:00"
"B",191,"suite_room","2019-09-28 01:00:00"
"B",191,"suite_room","2019-09-29 01:00:00"
"B",191,"suite_room","2019-09-30 01:00:00"
"C",192,"economy_room","2015-04-12 01:00:00"
"C",192,"economy_room","2015-04-13 01:00:00"
"C",192,"economy_room","2015-04-14 01:00:00"
"B",193,"suite_room","2015-01-13 01:00:00"
"B",193,"suite_room","2015-01-14 01:00:00"
"B",193,"suite_room","2015-01-15 01:00:00"
"B",193,"suite_room","2015-01-16 01:00:00"
"B",193,"suite_room","2015-01-17 01:00:00"
"B",193,"suite_room","2015-01-18 01:00:00"
"E",194,"single_room","2020-08-05 01:00:00"
"E",194,"single_room","2020-08-06 01:00:00"
"E",194,"single_room","2020-08-07 01:00:00"
"E",194,"single_room","2020-08-08 01:00:00"
"D",195,"economy_room","2017-02-17 01:00:00"
"D",195,"economy_room","2017-02-18 01:00:00"
"D",195,"economy_room","2017-02-19 01:00:00"
"D",195,"economy_room","2017-02-20 01:00:00"
"A",196,"single_room","2018-08-10 01:00:00"
"A",196,"single_room","2018-08-11 01:00:00"
"A",196,"single_room","2018-08-12 01:00:00"
"A",196,"single_room","2018-08-13 01:00:00"
"A",196,"single_room","2018-08-14 01:00:00"
"A",196,"single_room","2018-08-15 01:00:00"
"A",196,"single_room","2018-08-16 01:00:00"
"B",197,"single_room","2018-05-19 01:00:00"
"B",197,"single_room","2018-05-20 01:00:00"
"B",198,"single_room","2018-06-24 01:00:00"
"B",198,"single_room","2018-06-25 01:00:00"
"A",199,"single_room","2019-05-28 01:00:00"
"A",199,"single_room","2019-05-29 01:00:00"
"A",199,"single_room","2019-05-30 01:00:00"
"A",199,"single_room","2019-05-31 01:00:00"
"A",200,"double_room","2015-10-15 01:00:00"
"A",200,"double_room","2015-10-16 01:00:00"
"B",201,"suite_room","2017-11-07 01:00:00"
"B",201,"suite_room","2017-11-08 01:00:00"
"B",201,"suite_room","2017-11-09 01:00:00"
"B",201,"suite_room","2017-11-10 01:00:00"
"B",201,"suite_room","2017-11-11 01:00:00"
"E",202,"double_room","2016-09-01 01:00:00"
"E",202,"double_room","2016-09-02 01:00:00"
"E",202,"double_room","2016-09-03 01:00:00"
"B",203,"double_room","2020-04-24 01:00:00"
"B",203,"double_room","2020-04-25 01:00:00"
"B",203,"double_room","2020-04-26 01:00:00"
"B",203,"double_room","2020-04-27 01:00:00"
"B",204,"single_room","2020-02-23 01:00:00"
"B",204,"single_room","2020-02-24 01:00:00"
"B",204,"single_room","2020-02-25 01:00:00"
"B",205,"royalsuite","2016-04-16 01:00:00"
"B",205,"royalsuite","2016-04-17 01:00:00"
"B",205,"royalsuite","2016-04-18 01:00:00"
"B",205,"royalsuite","2016-04-19 01:00:00"
"B",205,"royalsuite","2016-04-20 01:00:00"
"C",206,"economy_room","2017-06-25 01:00:00"
"C",206,"economy_room","2017-06-26 01:00:00"
"C",206,"economy_room","2017-06-27 01:00:00"
"C",206,"economy_room","2017-06-28 01:00:00"
"C",206,"economy_room","2017-06-29 01:00:00"
"A",207,"single_room","2015-10-03 01:00:00"
"A",207,"single_room","2015-10-04 01:00:00"
"C",208,"single_room","2015-08-30 01:00:00"
"C",208,"single_room","2015-08-31 01:00:00"
"C",208,"single_room","2015-09-01 01:00:00"
"D",209,"single_room","2019-04-02 01:00:00"
"D",209,"single_room","2019-04-03 01:00:00"
"D",209,"single_room","2019-04-04 01:00:00"
"D",209,"single_room","2019-04-05 01:00:00"
"D",209,"single_room","2019-04-06 01:00:00"
"B",210,"double_room","2016-11-08 01:00:00"
"B",210,"double_room","2016-11-09 01:00:00"
"B",210,"double_room","2016-11-10 01:00:00"
"B",210,"double_room","2016-11-11 01:00:00"
"B",210,"double_room","2016-11-12 01:00:00"
"D",211,"single_room","2017-02-14 01:00:00"
"D",211,"single_room","2017-02-15 01:00:00"
"B",212,"suite_room","2017-10-31 01:00:00"
"B",212,"suite_room","2017-11-01 01:00:00"
"B",212,"suite_room","2017-11-02 01:00:00"
"B",212,"suite_room","2017-11-03 01:00:00"
"C",213,"single_room","2019-03-16 01:00:00"
"C",213,"single_room","2019-03-17 01:00:00"
"C",213,"single_room","2019-03-18 01:00:00"
"C",213,"single_room","2019-03-19 01:00:00"
"C",213,"single_room","2019-03-20 01:00:00"
"D",214,"double_room","2019-12-09 01:00:00"
"D",214,"double_room","2019-12-10 01:00:00"
"B",215,"economy_room","2015-11-27 01:00:00"
"B",215,"economy_room","2015-11-28 01:00:00"
"B",215,"economy_room","2015-11-29 01:00:00"
"D",216,"economy_room","2017-08-29 01:00:00"
"D",216,"economy_room","2017-08-30 01:00:00"
"D",216,"economy_room","2017-08-31 01:00:00"
"D",216,"economy_room","2017-09-01 01:00:00"
"E",217,"double_room","2020-10-11 01:00:00"
"E",217,"double_room","2020-10-12 01:00:00"
"B",218,"single_room","2016-07-21 01:00:00"
"B",218,"single_room","2016-07-22 01:00:00"
"B",218,"single_room","2016-07-23 01:00:00"
"B",218,"single_room","2016-07-24 01:00:00"
"D",219,"double_room","2020-04-24 01:00:00"
"D",219,"double_room","2020-04-25 01:00:00"
"B",220,"economy_room","2018-04-09 01:00:00"
"B",220,"economy_room","2018-04-10 01:00:00"
"B",220,"economy_room","2018-04-11 01:00:00"
"C",221,"economy_room","2016-06-17 01:00:00"
"C",221,"economy_room","2016-06-18 01:00:00"
"C",221,"economy_room","2016-06-19 01:00:00"
"A",222,"single_room","2018-12-14 01:00:00"
"A",222,"single_room","2018-12-15 01:00:00"
"A",222,"single_room","2018-12-16 01:00:00"
"A",222,"single_room","2018-12-17 01:00:00"
"A",223,"single_room","2020-05-13 01:00:00"
"A",223,"single_room","2020-05-14 01:00:00"
"A",223,"single_room","2020-05-15 01:00:00"
"A",223,"single_room","2020-05-16 01:00:00"
"A",223,"single_room","2020-05-17 01:00:00"
"A",223,"single_room","2020-05-18 01:00:00"
"A",223,"single_room","2020-05-19 01:00:00"
"A",223,"single_room","2020-05-20 01:00:00"
"A",223,"single_room","2020-05-21 01:00:00"
"A",223,"single_room","2020-05-22 01:00:00"
"A",224,"suite_room","2019-02-14 01:00:00"
"A",224,"suite_room","2019-02-15 01:00:00"
"A",224,"suite_room","2019-02-16 01:00:00"
"A",224,"suite_room","2019-02-17 01:00:00"
"A",224,"suite_room","2019-02-18 01:00:00"
"A",224,"suite_room","2019-02-19 01:00:00"
"A",225,"single_room","2019-12-29 01:00:00"
"A",225,"single_room","2019-12-30 01:00:00"
"A",225,"single_room","2019-12-31 01:00:00"
"E",226,"single_room","2015-11-02 01:00:00"
"E",226,"single_room","2015-11-03 01:00:00"
"E",226,"single_room","2015-11-04 01:00:00"
"E",226,"single_room","2015-11-05 01:00:00"
"E",226,"single_room","2015-11-06 01:00:00"
"D",227,"single_room","2020-01-07 01:00:00"
"D",227,"single_room","2020-01-08 01:00:00"
"D",227,"single_room","2020-01-09 01:00:00"
"D",228,"double_room","2019-02-09 01:00:00"
"D",228,"double_room","2019-02-10 01:00:00"
"D",228,"double_room","2019-02-11 01:00:00"
"D",228,"double_room","2019-02-12 01:00:00"
"B",229,"single_room","2016-06-22 01:00:00"
"B",229,"single_room","2016-06-23 01:00:00"
"B",229,"single_room","2016-06-24 01:00:00"
"B",229,"single_room","2016-06-25 01:00:00"
"B",229,"single_room","2016-06-26 01:00:00"
"B",229,"single_room","2016-06-27 01:00:00"
"E",230,"economy_room","2018-02-03 01:00:00"
"E",230,"economy_room","2018-02-04 01:00:00"
"B",231,"economy_room","2015-11-26 01:00:00"
"B",231,"economy_room","2015-11-27 01:00:00"
"B",231,"economy_room","2015-11-28 01:00:00"
"C",232,"single_room","2020-10-05 01:00:00"
"C",232,"single_room","2020-10-06 01:00:00"
"B",233,"double_room","2020-02-11 01:00:00"
"B",233,"double_room","2020-02-12 01:00:00"
"B",233,"double_room","2020-02-13 01:00:00"
"B",234,"single_room","2017-08-05 01:00:00"
"B",234,"single_room","2017-08-06 01:00:00"
"B",234,"single_room","2017-08-07 01:00:00"
"B",234,"single_room","2017-08-08 01:00:00"
"B",234,"single_room","2017-08-09 01:00:00"
"B",234,"single_room","2017-08-10 01:00:00"
"B",234,"single_room","2017-08-11 01:00:00"
"B",234,"single_room","2017-08-12 01:00:00"
"E",235,"single_room","2019-08-09 01:00:00"
"E",235,"single_room","2019-08-10 01:00:00"
"E",235,"single_room","2019-08-11 01:00:00"
"E",236,"single_room","2015-08-25 01:00:00"
"E",236,"single_room","2015-08-26 01:00:00"
"E",236,"single_room","2015-08-27 01:00:00"
"E",236,"single_room","2015-08-28 01:00:00"
"E",236,"single_room","2015-08-29 01:00:00"
"E",236,"single_room","2015-08-30 01:00:00"
"E",236,"single_room","2015-08-31 01:00:00"
"D",237,"single_room","2017-05-09 01:00:00"
"D",237,"single_room","2017-05-10 01:00:00"
"D",237,"single_room","2017-05-11 01:00:00"
"A",238,"double_room","2015-04-28 01:00:00"
"A",238,"double_room","2015-04-29 01:00:00"
"A",238,"double_room","2015-04-30 01:00:00"
"A",238,"double_room","2015-05-01 01:00:00"
"A",238,"double_room","2015-05-02 01:00:00"
"A",238,"double_room","2015-05-03 01:00:00"
"A",238,"double_room","2015-05-04 01:00:00"
"E",239,"single_room","2017-04-12 01:00:00"
"E",239,"single_room","2017-04-13 01:00:00"
"E",239,"single_room","2017-04-14 01:00:00"
"E",239,"single_room","2017-04-15 01:00:00"
"A",240,"single_room","2019-06-11 01:00:00"
"A",240,"single_room","2019-06-12 01:00:00"
"A",240,"single_room","2019-06-13 01:00:00"
"A",240,"single_room","2019-06-14 01:00:00"
"A",240,"single_room","2019-06-15 01:00:00"
"A",240,"single_room","2019-06-16 01:00:00"
"D",241,"double_room","2018-09-17 01:00:00"
"D",241,"double_room","2018-09-18 01:00:00"
"D",241,"double_room","2018-09-19 01:00:00"
"B",242,"single_room","2018-08-27 01:00:00"
"B",242,"single_room","2018-08-28 01:00:00"
"B",242,"single_room","2018-08-29 01:00:00"
"B",242,"single_room","2018-08-30 01:00:00"
"B",242,"single_room","2018-08-31 01:00:00"
"B",242,"single_room","2018-09-01 01:00:00"
"B",242,"single_room","2018-09-02 01:00:00"
"B",242,"single_room","2018-09-03 01:00:00"
"B",243,"single_room","2017-09-11 01:00:00"
"B",243,"single_room","2017-09-12 01:00:00"
"B",243,"single_room","2017-09-13 01:00:00"
"D",244,"suite_room","2015-11-08 01:00:00"
"D",244,"suite_room","2015-11-09 01:00:00"
"D",244,"suite_room","2015-11-10 01:00:00"
"C",245,"suite_room","2018-10-07 01:00:00"
"C",245,"suite_room","2018-10-08 01:00:00"
"C",245,"suite_room","2018-10-09 01:00:00"
"C",245,"suite_room","2018-10-10 01:00:00"
"C",245,"suite_room","2018-10-11 01:00:00"
"B",246,"economy_room","2015-02-26 01:00:00"
"B",246,"economy_room","2015-02-27 01:00:00"
"B",246,"economy_room","2015-02-28 01:00:00"
"B",246,"economy_room","2015-03-01 01:00:00"
"B",247,"single_room","2019-01-31 01:00:00"
"B",247,"single_room","2019-02-01 01:00:00"
"B",247,"single_room","2019-02-02 01:00:00"
"B",247,"single_room","2019-02-03 01:00:00"
"B",247,"single_room","2019-02-04 01:00:00"
"A",248,"suite_room","2020-05-19 01:00:00"
"A",248,"suite_room","2020-05-20 01:00:00"
"A",248,"suite_room","2020-05-21 01:00:00"
"B",249,"double_room","2018-07-14 01:00:00"
"B",249,"double_room","2018-07-15 01:00:00"
"B",249,"double_room","2018-07-16 01:00:00"
"B",249,"double_room","2018-07-17 01:00:00"
"B",249,"double_room","2018-07-18 01:00:00"
"B",249,"double_room","2018-07-19 01:00:00"
"B",249,"double_room","2018-07-20 01:00:00"
"B",249,"double_room","2018-07-21 01:00:00"
"E",250,"double_room","2016-01-26 01:00:00"
"E",250,"double_room","2016-01-27 01:00:00"
"E",250,"double_room","2016-01-28 01:00:00"
"E",250,"double_room","2016-01-29 01:00:00"
"C",251,"double_room","2018-08-18 01:00:00"
"C",251,"double_room","2018-08-19 01:00:00"
"C",251,"double_room","2018-08-20 01:00:00"
"C",251,"double_room","2018-08-21 01:00:00"
"C",251,"double_room","2018-08-22 01:00:00"
"C",251,"double_room","2018-08-23 01:00:00"
"C",252,"single_room","2020-08-29 01:00:00"
"C",252,"single_room","2020-08-30 01:00:00"
"E",253,"single_room","2019-02-09 01:00:00"
"E",253,"single_room","2019-02-10 01:00:00"
"C",254,"economy_room","2018-07-16 01:00:00"
"C",254,"economy_room","2018-07-17 01:00:00"
"E",255,"single_room","2016-07-09 01:00:00"
"E",255,"single_room","2016-07-10 01:00:00"
"E",255,"single_room","2016-07-11 01:00:00"
"E",255,"single_room","2016-07-12 01:00:00"
"B",256,"single_room","2017-10-24 01:00:00"
"B",256,"single_room","2017-10-25 01:00:00"
"B",256,"single_room","2017-10-26 01:00:00"
"B",256,"single_room","2017-10-27 01:00:00"
"B",256,"single_room","2017-10-28 01:00:00"
"B",256,"single_room","2017-10-29 01:00:00"
"E",257,"economy_room","2019-05-01 01:00:00"
"E",257,"economy_room","2019-05-02 01:00:00"
"E",257,"economy_room","2019-05-03 01:00:00"
"E",258,"economy_room","2015-06-26 01:00:00"
"E",258,"economy_room","2015-06-27 01:00:00"
"A",259,"single_room","2015-07-29 01:00:00"
"A",259,"single_room","2015-07-30 01:00:00"
"A",259,"single_room","2015-07-31 01:00:00"
"A",259,"single_room","2015-08-01 01:00:00"
"A",259,"single_room","2015-08-02 01:00:00"
"B",260,"suite_room","2015-01-27 01:00:00"
"B",260,"suite_room","2015-01-28 01:00:00"
"B",260,"suite_room","2015-01-29 01:00:00"
"B",260,"suite_room","2015-01-30 01:00:00"
"B",260,"suite_room","2015-01-31 01:00:00"
"B",260,"suite_room","2015-02-01 01:00:00"
"B",261,"double_room","2018-12-04 01:00:00"
"B",261,"double_room","2018-12-05 01:00:00"
"B",261,"double_room","2018-12-06 01:00:00"
"B",261,"double_room","2018-12-07 01:00:00"
"B",261,"double_room","2018-12-08 01:00:00"
"B",261,"double_room","2018-12-09 01:00:00"
"A",262,"single_room","2020-08-06 01:00:00"
"A",262,"single_room","2020-08-07 01:00:00"
"A",262,"single_room","2020-08-08 01:00:00"
"A",262,"single_room","2020-08-09 01:00:00"
"A",262,"single_room","2020-08-10 01:00:00"
"C",263,"single_room","2015-05-17 01:00:00"
"C",263,"single_room","2015-05-18 01:00:00"
"C",263,"single_room","2015-05-19 01:00:00"
"C",263,"single_room","2015-05-20 01:00:00"
"C",263,"single_room","2015-05-21 01:00:00"
"C",263,"single_room","2015-05-22 01:00:00"
"C",264,"economy_room","2020-11-22 01:00:00"
"C",264,"economy_room","2020-11-23 01:00:00"
"C",264,"economy_room","2020-11-24 01:00:00"
"B",265,"economy_room","2016-12-08 01:00:00"
"B",265,"economy_room","2016-12-09 01:00:00"
"B",265,"economy_room","2016-12-10 01:00:00"
"B",265,"economy_room","2016-12-11 01:00:00"
"B",265,"economy_room","2016-12-12 01:00:00"
"B",265,"economy_room","2016-12-13 01:00:00"
"A",266,"economy_room","2019-05-01 01:00:00"
"A",266,"economy_room","2019-05-02 01:00:00"
"B",267,"single_room","2020-04-15 01:00:00"
"B",267,"single_room","2020-04-16 01:00:00"
"A",268,"suite_room","2020-06-20 01:00:00"
"A",268,"suite_room","2020-06-21 01:00:00"
"E",269,"single_room","2019-08-25 01:00:00"
"E",269,"single_room","2019-08-26 01:00:00"
"E",269,"single_room","2019-08-27 01:00:00"
"E",269,"single_room","2019-08-28 01:00:00"
"E",269,"single_room","2019-08-29 01:00:00"
"E",270,"double_room","2018-06-18 01:00:00"
"E",270,"double_room","2018-06-19 01:00:00"
"E",270,"double_room","2018-06-20 01:00:00"
"E",270,"double_room","2018-06-21 01:00:00"
"E",270,"double_room","2018-06-22 01:00:00"
"E",270,"double_room","2018-06-23 01:00:00"
"E",270,"double_room","2018-06-24 01:00:00"
"E",271,"single_room","2015-08-25 01:00:00"
"E",271,"single_room","2015-08-26 01:00:00"
"E",271,"single_room","2015-08-27 01:00:00"
"E",271,"single_room","2015-08-28 01:00:00"
"E",271,"single_room","2015-08-29 01:00:00"
"E",272,"single_room","2016-10-04 01:00:00"
"E",272,"single_room","2016-10-05 01:00:00"
"E",272,"single_room","2016-10-06 01:00:00"
"E",272,"single_room","2016-10-07 01:00:00"
"A",273,"economy_room","2019-03-22 01:00:00"
"A",273,"economy_room","2019-03-23 01:00:00"
"A",273,"economy_room","2019-03-24 01:00:00"
"A",273,"economy_room","2019-03-25 01:00:00"
"A",274,"single_room","2018-03-02 01:00:00"
"A",274,"single_room","2018-03-03 01:00:00"
"B",275,"double_room","2017-01-26 01:00:00"
"B",275,"double_room","2017-01-27 01:00:00"
"B",275,"double_room","2017-01-28 01:00:00"
"B",276,"single_room","2016-11-06 01:00:00"
"B",276,"single_room","2016-11-07 01:00:00"
"B",276,"single_room","2016-11-08 01:00:00"
"B",277,"economy_room","2017-05-31 01:00:00"
"B",277,"economy_room","2017-06-01 01:00:00"
"B",277,"economy_room","2017-06-02 01:00:00"
"B",277,"economy_room","2017-06-03 01:00:00"
"B",277,"economy_room","2017-06-04 01:00:00"
"B",277,"economy_room","2017-06-05 01:00:00"
"B",278,"economy_room","2016-06-12 01:00:00"
"B",278,"economy_room","2016-06-13 01:00:00"
"B",278,"economy_room","2016-06-14 01:00:00"
"B",278,"economy_room","2016-06-15 01:00:00"
"D",279,"economy_room","2018-01-30 01:00:00"
"D",279,"economy_room","2018-01-31 01:00:00"
"D",279,"economy_room","2018-02-01 01:00:00"
"D",279,"economy_room","2018-02-02 01:00:00"
"B",280,"economy_room","2016-09-11 01:00:00"
"B",280,"economy_room","2016-09-12 01:00:00"
"B",280,"economy_room","2016-09-13 01:00:00"
"B",280,"economy_room","2016-09-14 01:00:00"
"B",280,"economy_room","2016-09-15 01:00:00"
"B",280,"economy_room","2016-09-16 01:00:00"
"B",280,"economy_room","2016-09-17 01:00:00"
"E",281,"single_room","2019-10-02 01:00:00"
"E",281,"single_room","2019-10-03 01:00:00"
"D",282,"economy_room","2016-11-15 01:00:00"
"D",282,"economy_room","2016-11-16 01:00:00"
"D",282,"economy_room","2016-11-17 01:00:00"
"D",282,"economy_room","2016-11-18 01:00:00"
"D",283,"single_room","2016-08-21 01:00:00"
"D",283,"single_room","2016-08-22 01:00:00"
"D",283,"single_room","2016-08-23 01:00:00"
"D",283,"single_room","2016-08-24 01:00:00"
"D",283,"single_room","2016-08-25 01:00:00"
"E",284,"royalsuite","2018-08-25 01:00:00"
"E",284,"royalsuite","2018-08-26 01:00:00"
"B",285,"single_room","2019-08-06 01:00:00"
"B",285,"single_room","2019-08-07 01:00:00"
"B",285,"single_room","2019-08-08 01:00:00"
"A",286,"suite_room","2020-03-31 01:00:00"
"A",286,"suite_room","2020-04-01 01:00:00"
"A",286,"suite_room","2020-04-02 01:00:00"
"A",286,"suite_room","2020-04-03 01:00:00"
"C",287,"single_room","2016-06-24 01:00:00"
"C",287,"single_room","2016-06-25 01:00:00"
"C",287,"single_room","2016-06-26 01:00:00"
"E",288,"single_room","2018-11-24 01:00:00"
"E",288,"single_room","2018-11-25 01:00:00"
"E",288,"single_room","2018-11-26 01:00:00"
"E",289,"double_room","2015-02-16 01:00:00"
"E",289,"double_room","2015-02-17 01:00:00"
"E",289,"double_room","2015-02-18 01:00:00"
"E",289,"double_room","2015-02-19 01:00:00"
"E",289,"double_room","2015-02-20 01:00:00"
"D",290,"double_room","2018-07-25 01:00:00"
"D",290,"double_room","2018-07-26 01:00:00"
"A",291,"double_room","2018-10-12 01:00:00"
"A",291,"double_room","2018-10-13 01:00:00"
"A",291,"double_room","2018-10-14 01:00:00"
"A",291,"double_room","2018-10-15 01:00:00"
"A",292,"economy_room","2017-10-23 01:00:00"
"A",292,"economy_room","2017-10-24 01:00:00"
"A",292,"economy_room","2017-10-25 01:00:00"
"A",292,"economy_room","2017-10-26 01:00:00"
"D",293,"single_room","2017-03-30 01:00:00"
"D",293,"single_room","2017-03-31 01:00:00"
"D",293,"single_room","2017-04-01 01:00:00"
"D",293,"single_room","2017-04-02 01:00:00"
"C",294,"double_room","2017-09-09 01:00:00"
"C",294,"double_room","2017-09-10 01:00:00"
"C",294,"double_room","2017-09-11 01:00:00"
"C",294,"double_room","2017-09-12 01:00:00"
"C",294,"double_room","2017-09-13 01:00:00"
"C",294,"double_room","2017-09-14 01:00:00"
"C",294,"double_room","2017-09-15 01:00:00"
"C",294,"double_room","2017-09-16 01:00:00"
"D",295,"single_room","2015-09-04 01:00:00"
"D",295,"single_room","2015-09-05 01:00:00"
"D",295,"single_room","2015-09-06 01:00:00"
"C",296,"economy_room","2020-10-12 01:00:00"
"C",296,"economy_room","2020-10-13 01:00:00"
"C",296,"economy_room","2020-10-14 01:00:00"
"C",296,"economy_room","2020-10-15 01:00:00"
"E",297,"single_room","2020-08-27 01:00:00"
"E",297,"single_room","2020-08-28 01:00:00"
"E",297,"single_room","2020-08-29 01:00:00"
"E",298,"economy_room","2019-06-04 01:00:00"
"E",298,"economy_room","2019-06-05 01:00:00"
"E",298,"economy_room","2019-06-06 01:00:00"
"B",299,"single_room","2017-07-15 01:00:00"
"B",299,"single_room","2017-07-16 01:00:00"
"B",299,"single_room","2017-07-17 01:00:00"
"B",299,"single_room","2017-07-18 01:00:00"
"B",300,"single_room","2016-12-29 01:00:00"
"B",300,"single_room","2016-12-30 01:00:00"
"B",300,"single_room","2016-12-31 01:00:00"
"B",300,"single_room","2017-01-01 01:00:00"
"D",301,"economy_room","2020-07-01 01:00:00"
"D",301,"economy_room","2020-07-02 01:00:00"
"D",301,"economy_room","2020-07-03 01:00:00"
"D",301,"economy_room","2020-07-04 01:00:00"
"A",302,"single_room","2018-07-25 01:00:00"
"A",302,"single_room","2018-07-26 01:00:00"
"A",302,"single_room","2018-07-27 01:00:00"
"A",302,"single_room","2018-07-28 01:00:00"
"E",303,"single_room","2017-05-29 01:00:00"
"E",303,"single_room","2017-05-30 01:00:00"
"E",303,"single_room","2017-05-31 01:00:00"
"E",303,"single_room","2017-06-01 01:00:00"
"E",303,"single_room","2017-06-02 01:00:00"
"B",304,"economy_room","2019-07-28 01:00:00"
"B",304,"economy_room","2019-07-29 01:00:00"
"C",305,"single_room","2019-10-16 01:00:00"
"C",305,"single_room","2019-10-17 01:00:00"
"C",305,"single_room","2019-10-18 01:00:00"
"C",306,"single_room","2020-05-04 01:00:00"
"C",306,"single_room","2020-05-05 01:00:00"
"C",306,"single_room","2020-05-06 01:00:00"
"C",306,"single_room","2020-05-07 01:00:00"
"D",307,"single_room","2017-02-19 01:00:00"
"D",307,"single_room","2017-02-20 01:00:00"
"D",307,"single_room","2017-02-21 01:00:00"
"D",307,"single_room","2017-02-22 01:00:00"
"A",308,"single_room","2018-06-16 01:00:00"
"A",308,"single_room","2018-06-17 01:00:00"
"A",308,"single_room","2018-06-18 01:00:00"
"B",309,"double_room","2015-10-19 01:00:00"
"B",309,"double_room","2015-10-20 01:00:00"
"B",309,"double_room","2015-10-21 01:00:00"
"B",309,"double_room","2015-10-22 01:00:00"
"B",310,"royalsuite","2018-12-16 01:00:00"
"B",310,"royalsuite","2018-12-17 01:00:00"
"B",310,"royalsuite","2018-12-18 01:00:00"
"B",310,"royalsuite","2018-12-19 01:00:00"
"D",311,"suite_room","2017-02-14 01:00:00"
"D",311,"suite_room","2017-02-15 01:00:00"
"D",311,"suite_room","2017-02-16 01:00:00"
"D",311,"suite_room","2017-02-17 01:00:00"
"D",311,"suite_room","2017-02-18 01:00:00"
"A",312,"single_room","2016-08-15 01:00:00"
"A",312,"single_room","2016-08-16 01:00:00"
"A",313,"single_room","2016-05-17 01:00:00"
"A",313,"single_room","2016-05-18 01:00:00"
"A",313,"single_room","2016-05-19 01:00:00"
"A",314,"single_room","2019-11-21 01:00:00"
"A",314,"single_room","2019-11-22 01:00:00"
"A",314,"single_room","2019-11-23 01:00:00"
"A",314,"single_room","2019-11-24 01:00:00"
"A",314,"single_room","2019-11-25 01:00:00"
"C",315,"double_room","2020-08-07 01:00:00"
"C",315,"double_room","2020-08-08 01:00:00"
"C",315,"double_room","2020-08-09 01:00:00"
"C",315,"double_room","2020-08-10 01:00:00"
"C",315,"double_room","2020-08-11 01:00:00"
"B",316,"single_room","2019-02-03 01:00:00"
"B",316,"single_room","2019-02-04 01:00:00"
"E",317,"double_room","2019-01-29 01:00:00"
"E",317,"double_room","2019-01-30 01:00:00"
"E",317,"double_room","2019-01-31 01:00:00"
"E",317,"double_room","2019-02-01 01:00:00"
"C",318,"suite_room","2015-11-26 01:00:00"
"C",318,"suite_room","2015-11-27 01:00:00"
"C",318,"suite_room","2015-11-28 01:00:00"
"C",318,"suite_room","2015-11-29 01:00:00"
"C",318,"suite_room","2015-11-30 01:00:00"
"C",318,"suite_room","2015-12-01 01:00:00"
"C",318,"suite_room","2015-12-02 01:00:00"
"C",318,"suite_room","2015-12-03 01:00:00"
"B",319,"single_room","2018-05-07 01:00:00"
"B",319,"single_room","2018-05-08 01:00:00"
"B",319,"single_room","2018-05-09 01:00:00"
"B",319,"single_room","2018-05-10 01:00:00"
"B",319,"single_room","2018-05-11 01:00:00"
"B",319,"single_room","2018-05-12 01:00:00"
"A",320,"single_room","2016-12-08 01:00:00"
"A",320,"single_room","2016-12-09 01:00:00"
"A",320,"single_room","2016-12-10 01:00:00"
"A",320,"single_room","2016-12-11 01:00:00"
"A",320,"single_room","2016-12-12 01:00:00"
"D",321,"single_room","2020-02-18 01:00:00"
"D",321,"single_room","2020-02-19 01:00:00"
"D",321,"single_room","2020-02-20 01:00:00"
"D",321,"single_room","2020-02-21 01:00:00"
"D",321,"single_room","2020-02-22 01:00:00"
"D",321,"single_room","2020-02-23 01:00:00"
"D",321,"single_room","2020-02-24 01:00:00"
"D",322,"single_room","2016-12-15 01:00:00"
"D",322,"single_room","2016-12-16 01:00:00"
"D",322,"single_room","2016-12-17 01:00:00"
"E",323,"suite_room","2015-11-16 01:00:00"
"E",323,"suite_room","2015-11-17 01:00:00"
"E",323,"suite_room","2015-11-18 01:00:00"
"C",324,"single_room","2019-10-28 01:00:00"
"C",324,"single_room","2019-10-29 01:00:00"
"C",324,"single_room","2019-10-30 01:00:00"
"C",324,"single_room","2019-10-31 01:00:00"
"C",324,"single_room","2019-11-01 01:00:00"
"C",324,"single_room","2019-11-02 01:00:00"
"D",325,"single_room","2017-11-27 01:00:00"
"D",325,"single_room","2017-11-28 01:00:00"
"D",325,"single_room","2017-11-29 01:00:00"
"B",326,"double_room","2017-09-22 01:00:00"
"B",326,"double_room","2017-09-23 01:00:00"
"B",326,"double_room","2017-09-24 01:00:00"
"B",327,"suite_room","2018-10-23 01:00:00"
"B",327,"suite_room","2018-10-24 01:00:00"
"B",327,"suite_room","2018-10-25 01:00:00"
"B",327,"suite_room","2018-10-26 01:00:00"
"B",327,"suite_room","2018-10-27 01:00:00"
"E",328,"single_room","2017-07-10 01:00:00"
"E",328,"single_room","2017-07-11 01:00:00"
"E",328,"single_room","2017-07-12 01:00:00"
"C",329,"suite_room","2016-06-26 01:00:00"
"C",329,"suite_room","2016-06-27 01:00:00"
"C",329,"suite_room","2016-06-28 01:00:00"
"C",329,"suite_room","2016-06-29 01:00:00"
"C",330,"single_room","2015-12-25 01:00:00"
"C",330,"single_room","2015-12-26 01:00:00"
"D",331,"single_room","2017-11-10 01:00:00"
"D",331,"single_room","2017-11-11 01:00:00"
"D",331,"single_room","2017-11-12 01:00:00"
"A",332,"double_room","2017-05-16 01:00:00"
"A",332,"double_room","2017-05-17 01:00:00"
"A",332,"double_room","2017-05-18 01:00:00"
"A",332,"double_room","2017-05-19 01:00:00"
"A",332,"double_room","2017-05-20 01:00:00"
"A",332,"double_room","2017-05-21 01:00:00"
"A",332,"double_room","2017-05-22 01:00:00"
"A",332,"double_room","2017-05-23 01:00:00"
"A",332,"double_room","2017-05-24 01:00:00"
"E",333,"single_room","2020-08-19 01:00:00"
"E",333,"single_room","2020-08-20 01:00:00"
"E",333,"single_room","2020-08-21 01:00:00"
"E",333,"single_room","2020-08-22 01:00:00"
"A",334,"economy_room","2018-06-21 01:00:00"
"A",334,"economy_room","2018-06-22 01:00:00"
"A",334,"economy_room","2018-06-23 01:00:00"
"A",334,"economy_room","2018-06-24 01:00:00"
"A",334,"economy_room","2018-06-25 01:00:00"
"E",335,"suite_room","2015-11-11 01:00:00"
"E",335,"suite_room","2015-11-12 01:00:00"
"E",335,"suite_room","2015-11-13 01:00:00"
"E",335,"suite_room","2015-11-14 01:00:00"
"E",335,"suite_room","2015-11-15 01:00:00"
"E",335,"suite_room","2015-11-16 01:00:00"
"D",336,"economy_room","2015-12-31 01:00:00"
"D",336,"economy_room","2016-01-01 01:00:00"
"D",336,"economy_room","2016-01-02 01:00:00"
"D",336,"economy_room","2016-01-03 01:00:00"
"D",336,"economy_room","2016-01-04 01:00:00"
"D",336,"economy_room","2016-01-05 01:00:00"
"D",337,"double_room","2020-11-11 01:00:00"
"D",337,"double_room","2020-11-12 01:00:00"
"D",337,"double_room","2020-11-13 01:00:00"
"D",337,"double_room","2020-11-14 01:00:00"
"D",337,"double_room","2020-11-15 01:00:00"
"D",337,"double_room","2020-11-16 01:00:00"
"B",338,"double_room","2018-12-25 01:00:00"
"B",338,"double_room","2018-12-26 01:00:00"
"B",338,"double_room","2018-12-27 01:00:00"
"A",339,"economy_room","2018-06-27 01:00:00"
"A",339,"economy_room","2018-06-28 01:00:00"
"A",339,"economy_room","2018-06-29 01:00:00"
"A",340,"suite_room","2020-04-09 01:00:00"
"A",340,"suite_room","2020-04-10 01:00:00"
"A",340,"suite_room","2020-04-11 01:00:00"
"D",341,"economy_room","2017-05-19 01:00:00"
"D",341,"economy_room","2017-05-20 01:00:00"
"D",341,"economy_room","2017-05-21 01:00:00"
"D",341,"economy_room","2017-05-22 01:00:00"
"D",341,"economy_room","2017-05-23 01:00:00"
"D",341,"economy_room","2017-05-24 01:00:00"
"C",342,"single_room","2016-11-25 01:00:00"
"C",342,"single_room","2016-11-26 01:00:00"
"C",342,"single_room","2016-11-27 01:00:00"
"C",342,"single_room","2016-11-28 01:00:00"
"C",342,"single_room","2016-11-29 01:00:00"
"C",342,"single_room","2016-11-30 01:00:00"
"B",343,"single_room","2019-07-02 01:00:00"
"B",343,"single_room","2019-07-03 01:00:00"
"B",343,"single_room","2019-07-04 01:00:00"
"B",343,"single_room","2019-07-05 01:00:00"
"B",343,"single_room","2019-07-06 01:00:00"
"C",344,"single_room","2017-06-27 01:00:00"
"C",344,"single_room","2017-06-28 01:00:00"
"C",344,"single_room","2017-06-29 01:00:00"
"A",345,"economy_room","2018-07-10 01:00:00"
"A",345,"economy_room","2018-07-11 01:00:00"
"A",345,"economy_room","2018-07-12 01:00:00"
"A",345,"economy_room","2018-07-13 01:00:00"
"A",345,"economy_room","2018-07-14 01:00:00"
"A",345,"economy_room","2018-07-15 01:00:00"
"E",346,"single_room","2019-04-25 01:00:00"
"E",346,"single_room","2019-04-26 01:00:00"
"E",346,"single_room","2019-04-27 01:00:00"
"A",347,"single_room","2017-06-26 01:00:00"
"A",347,"single_room","2017-06-27 01:00:00"
"B",348,"single_room","2020-04-04 01:00:00"
"B",348,"single_room","2020-04-05 01:00:00"
"B",348,"single_room","2020-04-06 01:00:00"
"B",349,"single_room","2019-08-12 01:00:00"
"B",349,"single_room","2019-08-13 01:00:00"
"B",349,"single_room","2019-08-14 01:00:00"
"B",349,"single_room","2019-08-15 01:00:00"
"D",350,"single_room","2018-06-15 01:00:00"
"D",350,"single_room","2018-06-16 01:00:00"
"D",350,"single_room","2018-06-17 01:00:00"
"D",350,"single_room","2018-06-18 01:00:00"
"E",351,"double_room","2019-06-21 01:00:00"
"E",351,"double_room","2019-06-22 01:00:00"
"E",351,"double_room","2019-06-23 01:00:00"
"E",351,"double_room","2019-06-24 01:00:00"
"E",351,"double_room","2019-06-25 01:00:00"
"D",352,"suite_room","2017-09-02 01:00:00"
"D",352,"suite_room","2017-09-03 01:00:00"
"D",353,"single_room","2015-01-24 01:00:00"
"D",353,"single_room","2015-01-25 01:00:00"
"D",353,"single_room","2015-01-26 01:00:00"
"E",354,"suite_room","2017-04-29 01:00:00"
"E",354,"suite_room","2017-04-30 01:00:00"
"E",354,"suite_room","2017-05-01 01:00:00"
"E",354,"suite_room","2017-05-02 01:00:00"
"E",355,"double_room","2015-11-08 01:00:00"
"E",355,"double_room","2015-11-09 01:00:00"
"E",355,"double_room","2015-11-10 01:00:00"
"D",356,"double_room","2018-04-11 01:00:00"
"D",356,"double_room","2018-04-12 01:00:00"
"B",357,"single_room","2016-03-29 01:00:00"
"B",357,"single_room","2016-03-30 01:00:00"
"B",357,"single_room","2016-03-31 01:00:00"
"B",357,"single_room","2016-04-01 01:00:00"
"B",357,"single_room","2016-04-02 01:00:00"
"B",357,"single_room","2016-04-03 01:00:00"
"B",358,"royalsuite","2018-11-04 01:00:00"
"B",358,"royalsuite","2018-11-05 01:00:00"
"B",358,"royalsuite","2018-11-06 01:00:00"
"B",358,"royalsuite","2018-11-07 01:00:00"
"B",358,"royalsuite","2018-11-08 01:00:00"
"B",358,"royalsuite","2018-11-09 01:00:00"
"E",359,"single_room","2018-09-13 01:00:00"
"E",359,"single_room","2018-09-14 01:00:00"
"E",359,"single_room","2018-09-15 01:00:00"
"E",359,"single_room","2018-09-16 01:00:00"
"E",359,"single_room","2018-09-17 01:00:00"
"E",359,"single_room","2018-09-18 01:00:00"
"E",359,"single_room","2018-09-19 01:00:00"
"D",360,"single_room","2020-01-30 01:00:00"
"D",360,"single_room","2020-01-31 01:00:00"
"D",360,"single_room","2020-02-01 01:00:00"
"B",361,"single_room","2018-08-10 01:00:00"
"B",361,"single_room","2018-08-11 01:00:00"
"C",362,"double_room","2017-06-10 01:00:00"
"C",362,"double_room","2017-06-11 01:00:00"
"C",362,"double_room","2017-06-12 01:00:00"
"C",362,"double_room","2017-06-13 01:00:00"
"C",362,"double_room","2017-06-14 01:00:00"
"C",362,"double_room","2017-06-15 01:00:00"
"E",363,"double_room","2015-05-01 01:00:00"
"E",363,"double_room","2015-05-02 01:00:00"
"E",364,"single_room","2019-10-29 01:00:00"
"E",364,"single_room","2019-10-30 01:00:00"
"E",364,"single_room","2019-10-31 01:00:00"
"E",364,"single_room","2019-11-01 01:00:00"
"E",364,"single_room","2019-11-02 01:00:00"
"D",365,"economy_room","2020-04-13 01:00:00"
"D",365,"economy_room","2020-04-14 01:00:00"
"D",365,"economy_room","2020-04-15 01:00:00"
"C",366,"single_room","2018-05-21 01:00:00"
"C",366,"single_room","2018-05-22 01:00:00"
"C",366,"single_room","2018-05-23 01:00:00"
"C",366,"single_room","2018-05-24 01:00:00"
"D",367,"single_room","2018-05-26 01:00:00"
"D",367,"single_room","2018-05-27 01:00:00"
"D",367,"single_room","2018-05-28 01:00:00"
"D",367,"single_room","2018-05-29 01:00:00"
"E",368,"single_room","2019-08-20 01:00:00"
"E",368,"single_room","2019-08-21 01:00:00"
"E",368,"single_room","2019-08-22 01:00:00"
"E",368,"single_room","2019-08-23 01:00:00"
"E",369,"suite_room","2016-05-28 01:00:00"
"E",369,"suite_room","2016-05-29 01:00:00"
"E",369,"suite_room","2016-05-30 01:00:00"
"E",369,"suite_room","2016-05-31 01:00:00"
"E",369,"suite_room","2016-06-01 01:00:00"
"D",370,"suite_room","2019-08-13 01:00:00"
"D",370,"suite_room","2019-08-14 01:00:00"
"D",370,"suite_room","2019-08-15 01:00:00"
"D",370,"suite_room","2019-08-16 01:00:00"
"D",371,"single_room","2016-06-16 01:00:00"
"D",371,"single_room","2016-06-17 01:00:00"
"D",371,"single_room","2016-06-18 01:00:00"
"D",371,"single_room","2016-06-19 01:00:00"
"D",371,"single_room","2016-06-20 01:00:00"
"E",372,"single_room","2019-01-25 01:00:00"
"E",372,"single_room","2019-01-26 01:00:00"
"E",372,"single_room","2019-01-27 01:00:00"
"E",372,"single_room","2019-01-28 01:00:00"
"E",372,"single_room","2019-01-29 01:00:00"
"E",372,"single_room","2019-01-30 01:00:00"
"E",372,"single_room","2019-01-31 01:00:00"
"E",372,"single_room","2019-02-01 01:00:00"
"A",373,"single_room","2019-06-24 01:00:00"
"A",373,"single_room","2019-06-25 01:00:00"
"E",374,"single_room","2018-05-28 01:00:00"
"E",374,"single_room","2018-05-29 01:00:00"
"E",374,"single_room","2018-05-30 01:00:00"
"E",374,"single_room","2018-05-31 01:00:00"
"E",374,"single_room","2018-06-01 01:00:00"
"B",375,"single_room","2018-01-18 01:00:00"
"B",375,"single_room","2018-01-19 01:00:00"
"B",375,"single_room","2018-01-20 01:00:00"
"B",375,"single_room","2018-01-21 01:00:00"
"A",376,"single_room","2018-04-12 01:00:00"
"A",376,"single_room","2018-04-13 01:00:00"
"E",377,"economy_room","2018-04-30 01:00:00"
"E",377,"economy_room","2018-05-01 01:00:00"
"E",377,"economy_room","2018-05-02 01:00:00"
"E",377,"economy_room","2018-05-03 01:00:00"
"E",377,"economy_room","2018-05-04 01:00:00"
"D",378,"single_room","2016-10-03 01:00:00"
"D",378,"single_room","2016-10-04 01:00:00"
"D",378,"single_room","2016-10-05 01:00:00"
"D",378,"single_room","2016-10-06 01:00:00"
"A",379,"double_room","2016-08-26 01:00:00"
"A",379,"double_room","2016-08-27 01:00:00"
"A",379,"double_room","2016-08-28 01:00:00"
"C",380,"double_room","2017-02-06 01:00:00"
"C",380,"double_room","2017-02-07 01:00:00"
"C",380,"double_room","2017-02-08 01:00:00"
"A",381,"economy_room","2015-07-15 01:00:00"
"A",381,"economy_room","2015-07-16 01:00:00"
"A",381,"economy_room","2015-07-17 01:00:00"
"A",381,"economy_room","2015-07-18 01:00:00"
"C",382,"economy_room","2017-05-11 01:00:00"
"C",382,"economy_room","2017-05-12 01:00:00"
"C",382,"economy_room","2017-05-13 01:00:00"
"C",382,"economy_room","2017-05-14 01:00:00"
"C",382,"economy_room","2017-05-15 01:00:00"
"C",382,"economy_room","2017-05-16 01:00:00"
"C",382,"economy_room","2017-05-17 01:00:00"
"C",382,"economy_room","2017-05-18 01:00:00"
"E",383,"double_room","2019-03-17 01:00:00"
"E",383,"double_room","2019-03-18 01:00:00"
"E",383,"double_room","2019-03-19 01:00:00"
"C",384,"single_room","2019-06-10 01:00:00"
"C",384,"single_room","2019-06-11 01:00:00"
"C",384,"single_room","2019-06-12 01:00:00"
"C",384,"single_room","2019-06-13 01:00:00"
"C",384,"single_room","2019-06-14 01:00:00"
"D",385,"single_room","2017-12-29 01:00:00"
"D",385,"single_room","2017-12-30 01:00:00"
"D",385,"single_room","2017-12-31 01:00:00"
"D",385,"single_room","2018-01-01 01:00:00"
"A",386,"economy_room","2018-11-11 01:00:00"
"A",386,"economy_room","2018-11-12 01:00:00"
"A",386,"economy_room","2018-11-13 01:00:00"
"A",386,"economy_room","2018-11-14 01:00:00"
"A",386,"economy_room","2018-11-15 01:00:00"
"A",386,"economy_room","2018-11-16 01:00:00"
"D",387,"single_room","2015-12-29 01:00:00"
"D",387,"single_room","2015-12-30 01:00:00"
"D",387,"single_room","2015-12-31 01:00:00"
"B",388,"single_room","2015-07-30 01:00:00"
"B",388,"single_room","2015-07-31 01:00:00"
"B",388,"single_room","2015-08-01 01:00:00"
"B",388,"single_room","2015-08-02 01:00:00"
"A",389,"single_room","2016-12-24 01:00:00"
"A",389,"single_room","2016-12-25 01:00:00"
"A",389,"single_room","2016-12-26 01:00:00"
"A",389,"single_room","2016-12-27 01:00:00"
"A",389,"single_room","2016-12-28 01:00:00"
"E",390,"royalsuite","2020-02-03 01:00:00"
"E",390,"royalsuite","2020-02-04 01:00:00"
"E",390,"royalsuite","2020-02-05 01:00:00"
"C",391,"single_room","2018-02-11 01:00:00"
"C",391,"single_room","2018-02-12 01:00:00"
"C",391,"single_room","2018-02-13 01:00:00"
"C",391,"single_room","2018-02-14 01:00:00"
"C",391,"single_room","2018-02-15 01:00:00"
"D",392,"suite_room","2016-07-22 01:00:00"
"D",392,"suite_room","2016-07-23 01:00:00"
"D",392,"suite_room","2016-07-24 01:00:00"
"D",392,"suite_room","2016-07-25 01:00:00"
"B",393,"suite_room","2017-10-08 01:00:00"
"B",393,"suite_room","2017-10-09 01:00:00"
"B",393,"suite_room","2017-10-10 01:00:00"
"B",393,"suite_room","2017-10-11 01:00:00"
"A",394,"economy_room","2016-03-12 01:00:00"
"A",394,"economy_room","2016-03-13 01:00:00"
"A",394,"economy_room","2016-03-14 01:00:00"
"A",394,"economy_room","2016-03-15 01:00:00"
"A",394,"economy_room","2016-03-16 01:00:00"
"B",395,"double_room","2017-07-04 01:00:00"
"B",395,"double_room","2017-07-05 01:00:00"
"B",395,"double_room","2017-07-06 01:00:00"
"B",396,"single_room","2017-12-20 01:00:00"
"B",396,"single_room","2017-12-21 01:00:00"
"B",396,"single_room","2017-12-22 01:00:00"
"B",396,"single_room","2017-12-23 01:00:00"
"B",396,"single_room","2017-12-24 01:00:00"
"E",397,"single_room","2016-08-05 01:00:00"
"E",397,"single_room","2016-08-06 01:00:00"
"A",398,"double_room","2020-12-22 01:00:00"
"A",398,"double_room","2020-12-23 01:00:00"
"A",398,"double_room","2020-12-24 01:00:00"
"E",399,"economy_room","2020-04-13 01:00:00"
"E",399,"economy_room","2020-04-14 01:00:00"
"E",399,"economy_room","2020-04-15 01:00:00"
"A",400,"single_room","2019-12-03 01:00:00"
"A",400,"single_room","2019-12-04 01:00:00"
"E",401,"single_room","2020-03-24 01:00:00"
"E",401,"single_room","2020-03-25 01:00:00"
"E",401,"single_room","2020-03-26 01:00:00"
"C",402,"single_room","2018-03-06 01:00:00"
"C",402,"single_room","2018-03-07 01:00:00"
"B",403,"suite_room","2017-04-27 01:00:00"
"B",403,"suite_room","2017-04-28 01:00:00"
"B",403,"suite_room","2017-04-29 01:00:00"
"D",404,"suite_room","2020-04-14 01:00:00"
"D",404,"suite_room","2020-04-15 01:00:00"
"D",404,"suite_room","2020-04-16 01:00:00"
"D",404,"suite_room","2020-04-17 01:00:00"
"A",405,"economy_room","2019-07-15 01:00:00"
"A",405,"economy_room","2019-07-16 01:00:00"
"E",406,"single_room","2019-09-30 01:00:00"
"E",406,"single_room","2019-10-01 01:00:00"
"E",406,"single_room","2019-10-02 01:00:00"
"E",406,"single_room","2019-10-03 01:00:00"
"E",406,"single_room","2019-10-04 01:00:00"
"E",406,"single_room","2019-10-05 01:00:00"
"E",406,"single_room","2019-10-06 01:00:00"
"A",407,"economy_room","2018-08-14 01:00:00"
"A",407,"economy_room","2018-08-15 01:00:00"
"A",407,"economy_room","2018-08-16 01:00:00"
"A",407,"economy_room","2018-08-17 01:00:00"
"E",408,"double_room","2020-05-03 01:00:00"
"E",408,"double_room","2020-05-04 01:00:00"
"E",408,"double_room","2020-05-05 01:00:00"
"E",408,"double_room","2020-05-06 01:00:00"
"E",408,"double_room","2020-05-07 01:00:00"
"E",408,"double_room","2020-05-08 01:00:00"
"E",408,"double_room","2020-05-09 01:00:00"
"B",409,"economy_room","2015-07-27 01:00:00"
"B",409,"economy_room","2015-07-28 01:00:00"
"B",409,"economy_room","2015-07-29 01:00:00"
"D",410,"single_room","2015-01-28 01:00:00"
"D",410,"single_room","2015-01-29 01:00:00"
"D",410,"single_room","2015-01-30 01:00:00"
"B",411,"single_room","2017-08-17 01:00:00"
"B",411,"single_room","2017-08-18 01:00:00"
"B",411,"single_room","2017-08-19 01:00:00"
"B",411,"single_room","2017-08-20 01:00:00"
"B",411,"single_room","2017-08-21 01:00:00"
"B",411,"single_room","2017-08-22 01:00:00"
"E",412,"economy_room","2019-06-30 01:00:00"
"E",412,"economy_room","2019-07-01 01:00:00"
"E",412,"economy_room","2019-07-02 01:00:00"
"E",412,"economy_room","2019-07-03 01:00:00"
"E",412,"economy_room","2019-07-04 01:00:00"
"E",412,"economy_room","2019-07-05 01:00:00"
"B",413,"single_room","2017-05-05 01:00:00"
"B",413,"single_room","2017-05-06 01:00:00"
"B",413,"single_room","2017-05-07 01:00:00"
"C",414,"single_room","2019-01-27 01:00:00"
"C",414,"single_room","2019-01-28 01:00:00"
"C",414,"single_room","2019-01-29 01:00:00"
"C",414,"single_room","2019-01-30 01:00:00"
"C",414,"single_room","2019-01-31 01:00:00"
"C",415,"double_room","2017-12-02 01:00:00"
"C",415,"double_room","2017-12-03 01:00:00"
"C",415,"double_room","2017-12-04 01:00:00"
"C",415,"double_room","2017-12-05 01:00:00"
"D",416,"single_room","2018-02-06 01:00:00"
"D",416,"single_room","2018-02-07 01:00:00"
"D",416,"single_room","2018-02-08 01:00:00"
"C",417,"single_room","2019-08-08 01:00:00"
"C",417,"single_room","2019-08-09 01:00:00"
"D",418,"single_room","2020-10-16 01:00:00"
"D",418,"single_room","2020-10-17 01:00:00"
"D",418,"single_room","2020-10-18 01:00:00"
"D",418,"single_room","2020-10-19 01:00:00"
"D",418,"single_room","2020-10-20 01:00:00"
"D",418,"single_room","2020-10-21 01:00:00"
"D",418,"single_room","2020-10-22 01:00:00"
"D",418,"single_room","2020-10-23 01:00:00"
"A",419,"economy_room","2015-05-03 01:00:00"
"A",419,"economy_room","2015-05-04 01:00:00"
"A",419,"economy_room","2015-05-05 01:00:00"
"A",419,"economy_room","2015-05-06 01:00:00"
"C",420,"double_room","2020-09-30 01:00:00"
"C",420,"double_room","2020-10-01 01:00:00"
"C",420,"double_room","2020-10-02 01:00:00"
"C",420,"double_room","2020-10-03 01:00:00"
"C",420,"double_room","2020-10-04 01:00:00"
"A",421,"single_room","2018-08-10 01:00:00"
"A",421,"single_room","2018-08-11 01:00:00"
"A",421,"single_room","2018-08-12 01:00:00"
"C",422,"suite_room","2015-08-24 01:00:00"
"C",422,"suite_room","2015-08-25 01:00:00"
"C",422,"suite_room","2015-08-26 01:00:00"
"C",422,"suite_room","2015-08-27 01:00:00"
"D",423,"double_room","2017-11-06 01:00:00"
"D",423,"double_room","2017-11-07 01:00:00"
"D",423,"double_room","2017-11-08 01:00:00"
"D",423,"double_room","2017-11-09 01:00:00"
"D",423,"double_room","2017-11-10 01:00:00"
"E",424,"single_room","2016-06-08 01:00:00"
"E",424,"single_room","2016-06-09 01:00:00"
"E",424,"single_room","2016-06-10 01:00:00"
"E",424,"single_room","2016-06-11 01:00:00"
"B",425,"single_room","2016-05-08 01:00:00"
"B",425,"single_room","2016-05-09 01:00:00"
"B",425,"single_room","2016-05-10 01:00:00"
"B",425,"single_room","2016-05-11 01:00:00"
"B",425,"single_room","2016-05-12 01:00:00"
"C",426,"royalsuite","2015-01-08 01:00:00"
"C",426,"royalsuite","2015-01-09 01:00:00"
"C",426,"royalsuite","2015-01-10 01:00:00"
"C",426,"royalsuite","2015-01-11 01:00:00"
"C",426,"royalsuite","2015-01-12 01:00:00"
"A",427,"single_room","2016-11-22 01:00:00"
"A",427,"single_room","2016-11-23 01:00:00"
"A",427,"single_room","2016-11-24 01:00:00"
"B",428,"single_room","2015-07-02 01:00:00"
"B",428,"single_room","2015-07-03 01:00:00"
"B",429,"single_room","2015-10-31 01:00:00"
"B",429,"single_room","2015-11-01 01:00:00"
"B",430,"single_room","2019-07-04 01:00:00"
"B",430,"single_room","2019-07-05 01:00:00"
"B",430,"single_room","2019-07-06 01:00:00"
"B",430,"single_room","2019-07-07 01:00:00"
"A",431,"suite_room","2015-09-16 01:00:00"
"A",431,"suite_room","2015-09-17 01:00:00"
"A",431,"suite_room","2015-09-18 01:00:00"
"A",431,"suite_room","2015-09-19 01:00:00"
"C",432,"economy_room","2020-02-13 01:00:00"
"C",432,"economy_room","2020-02-14 01:00:00"
"C",432,"economy_room","2020-02-15 01:00:00"
"C",432,"economy_room","2020-02-16 01:00:00"
"A",433,"royalsuite","2017-02-08 01:00:00"
"A",433,"royalsuite","2017-02-09 01:00:00"
"A",433,"royalsuite","2017-02-10 01:00:00"
"A",433,"royalsuite","2017-02-11 01:00:00"
"C",434,"royalsuite","2017-09-02 01:00:00"
"C",434,"royalsuite","2017-09-03 01:00:00"
"C",434,"royalsuite","2017-09-04 01:00:00"
"C",434,"royalsuite","2017-09-05 01:00:00"
"C",434,"royalsuite","2017-09-06 01:00:00"
"C",435,"economy_room","2018-12-21 01:00:00"
"C",435,"economy_room","2018-12-22 01:00:00"
"C",435,"economy_room","2018-12-23 01:00:00"
"C",435,"economy_room","2018-12-24 01:00:00"
"C",435,"economy_room","2018-12-25 01:00:00"
"A",436,"suite_room","2018-12-15 01:00:00"
"A",436,"suite_room","2018-12-16 01:00:00"
"A",436,"suite_room","2018-12-17 01:00:00"
"A",436,"suite_room","2018-12-18 01:00:00"
"A",436,"suite_room","2018-12-19 01:00:00"
"A",436,"suite_room","2018-12-20 01:00:00"
"E",437,"single_room","2017-07-29 01:00:00"
"E",437,"single_room","2017-07-30 01:00:00"
"E",437,"single_room","2017-07-31 01:00:00"
"E",437,"single_room","2017-08-01 01:00:00"
"E",437,"single_room","2017-08-02 01:00:00"
"E",437,"single_room","2017-08-03 01:00:00"
"A",438,"economy_room","2016-06-05 01:00:00"
"A",438,"economy_room","2016-06-06 01:00:00"
"A",438,"economy_room","2016-06-07 01:00:00"
"E",439,"single_room","2019-02-09 01:00:00"
"E",439,"single_room","2019-02-10 01:00:00"
"E",439,"single_room","2019-02-11 01:00:00"
"B",440,"single_room","2020-05-25 01:00:00"
"B",440,"single_room","2020-05-26 01:00:00"
"B",440,"single_room","2020-05-27 01:00:00"
"B",440,"single_room","2020-05-28 01:00:00"
"D",441,"single_room","2016-08-17 01:00:00"
"D",441,"single_room","2016-08-18 01:00:00"
"D",441,"single_room","2016-08-19 01:00:00"
"C",442,"double_room","2019-05-23 01:00:00"
"C",442,"double_room","2019-05-24 01:00:00"
"C",442,"double_room","2019-05-25 01:00:00"
"C",442,"double_room","2019-05-26 01:00:00"
"D",443,"single_room","2019-08-04 01:00:00"
"D",443,"single_room","2019-08-05 01:00:00"
"D",443,"single_room","2019-08-06 01:00:00"
"D",443,"single_room","2019-08-07 01:00:00"
"D",443,"single_room","2019-08-08 01:00:00"
"A",444,"single_room","2017-11-08 01:00:00"
"A",444,"single_room","2017-11-09 01:00:00"
"B",445,"single_room","2019-09-24 01:00:00"
"B",445,"single_room","2019-09-25 01:00:00"
"B",445,"single_room","2019-09-26 01:00:00"
"E",446,"single_room","2020-05-01 01:00:00"
"E",446,"single_room","2020-05-02 01:00:00"
"E",446,"single_room","2020-05-03 01:00:00"
"E",446,"single_room","2020-05-04 01:00:00"
"B",447,"single_room","2018-11-06 01:00:00"
"B",447,"single_room","2018-11-07 01:00:00"
"C",448,"economy_room","2016-04-09 01:00:00"
"C",448,"economy_room","2016-04-10 01:00:00"
"C",448,"economy_room","2016-04-11 01:00:00"
"C",448,"economy_room","2016-04-12 01:00:00"
"D",449,"suite_room","2017-06-08 01:00:00"
"D",449,"suite_room","2017-06-09 01:00:00"
"D",450,"single_room","2018-09-17 01:00:00"
"D",450,"single_room","2018-09-18 01:00:00"
"D",450,"single_room","2018-09-19 01:00:00"
"D",450,"single_room","2018-09-20 01:00:00"
"D",450,"single_room","2018-09-21 01:00:00"
"B",451,"single_room","2016-11-04 01:00:00"
"B",451,"single_room","2016-11-05 01:00:00"
"B",451,"single_room","2016-11-06 01:00:00"
"B",451,"single_room","2016-11-07 01:00:00"
"B",451,"single_room","2016-11-08 01:00:00"
"B",451,"single_room","2016-11-09 01:00:00"
"B",451,"single_room","2016-11-10 01:00:00"
"C",452,"suite_room","2020-09-16 01:00:00"
"C",452,"suite_room","2020-09-17 01:00:00"
"D",453,"single_room","2017-10-19 01:00:00"
"D",453,"single_room","2017-10-20 01:00:00"
"D",453,"single_room","2017-10-21 01:00:00"
"D",453,"single_room","2017-10-22 01:00:00"
"C",454,"single_room","2017-01-07 01:00:00"
"C",454,"single_room","2017-01-08 01:00:00"
"C",454,"single_room","2017-01-09 01:00:00"
"C",454,"single_room","2017-01-10 01:00:00"
"E",455,"royalsuite","2016-02-12 01:00:00"
"E",455,"royalsuite","2016-02-13 01:00:00"
"B",456,"economy_room","2016-02-01 01:00:00"
"B",456,"economy_room","2016-02-02 01:00:00"
"B",456,"economy_room","2016-02-03 01:00:00"
"B",456,"economy_room","2016-02-04 01:00:00"
"A",457,"suite_room","2015-12-30 01:00:00"
"A",457,"suite_room","2015-12-31 01:00:00"
"A",457,"suite_room","2016-01-01 01:00:00"
"B",458,"single_room","2016-01-17 01:00:00"
"B",458,"single_room","2016-01-18 01:00:00"
"B",458,"single_room","2016-01-19 01:00:00"
"E",459,"double_room","2020-11-12 01:00:00"
"E",459,"double_room","2020-11-13 01:00:00"
"E",459,"double_room","2020-11-14 01:00:00"
"E",459,"double_room","2020-11-15 01:00:00"
"E",459,"double_room","2020-11-16 01:00:00"
"E",459,"double_room","2020-11-17 01:00:00"
"E",459,"double_room","2020-11-18 01:00:00"
"A",460,"suite_room","2015-04-15 01:00:00"
"A",460,"suite_room","2015-04-16 01:00:00"
"A",460,"suite_room","2015-04-17 01:00:00"
"D",461,"double_room","2018-07-10 01:00:00"
"D",461,"double_room","2018-07-11 01:00:00"
"D",461,"double_room","2018-07-12 01:00:00"
"D",461,"double_room","2018-07-13 01:00:00"
"D",461,"double_room","2018-07-14 01:00:00"
"A",462,"single_room","2016-10-08 01:00:00"
"A",462,"single_room","2016-10-09 01:00:00"
"A",462,"single_room","2016-10-10 01:00:00"
"A",462,"single_room","2016-10-11 01:00:00"
"B",463,"double_room","2019-06-22 01:00:00"
"B",463,"double_room","2019-06-23 01:00:00"
"B",463,"double_room","2019-06-24 01:00:00"
"C",464,"double_room","2020-02-06 01:00:00"
"C",464,"double_room","2020-02-07 01:00:00"
"C",464,"double_room","2020-02-08 01:00:00"
"C",464,"double_room","2020-02-09 01:00:00"
"E",465,"single_room","2020-05-14 01:00:00"
"E",465,"single_room","2020-05-15 01:00:00"
"E",465,"single_room","2020-05-16 01:00:00"
"E",465,"single_room","2020-05-17 01:00:00"
"E",465,"single_room","2020-05-18 01:00:00"
"E",465,"single_room","2020-05-19 01:00:00"
"C",466,"double_room","2015-01-29 01:00:00"
"C",466,"double_room","2015-01-30 01:00:00"
"B",467,"double_room","2020-01-05 01:00:00"
"B",467,"double_room","2020-01-06 01:00:00"
"A",468,"suite_room","2019-09-30 01:00:00"
"A",468,"suite_room","2019-10-01 01:00:00"
"A",469,"single_room","2020-02-07 01:00:00"
"A",469,"single_room","2020-02-08 01:00:00"
"D",470,"single_room","2018-03-19 01:00:00"
"D",470,"single_room","2018-03-20 01:00:00"
"D",470,"single_room","2018-03-21 01:00:00"
"D",470,"single_room","2018-03-22 01:00:00"
"D",470,"single_room","2018-03-23 01:00:00"
"E",471,"single_room","2015-01-20 01:00:00"
"E",471,"single_room","2015-01-21 01:00:00"
"E",471,"single_room","2015-01-22 01:00:00"
"E",471,"single_room","2015-01-23 01:00:00"
"E",471,"single_room","2015-01-24 01:00:00"
"E",471,"single_room","2015-01-25 01:00:00"
"E",471,"single_room","2015-01-26 01:00:00"
"D",472,"single_room","2015-06-19 01:00:00"
"D",472,"single_room","2015-06-20 01:00:00"
"D",472,"single_room","2015-06-21 01:00:00"
"A",473,"double_room","2018-10-11 01:00:00"
"A",473,"double_room","2018-10-12 01:00:00"
"A",473,"double_room","2018-10-13 01:00:00"
"A",473,"double_room","2018-10-14 01:00:00"
"A",473,"double_room","2018-10-15 01:00:00"
"A",473,"double_room","2018-10-16 01:00:00"
"C",474,"single_room","2018-04-01 01:00:00"
"C",474,"single_room","2018-04-02 01:00:00"
"C",474,"single_room","2018-04-03 01:00:00"
"C",475,"economy_room","2017-04-17 01:00:00"
"C",475,"economy_room","2017-04-18 01:00:00"
"C",475,"economy_room","2017-04-19 01:00:00"
"C",475,"economy_room","2017-04-20 01:00:00"
"D",476,"double_room","2019-01-17 01:00:00"
"D",476,"double_room","2019-01-18 01:00:00"
"D",476,"double_room","2019-01-19 01:00:00"
"D",476,"double_room","2019-01-20 01:00:00"
"D",477,"double_room","2020-06-15 01:00:00"
"D",477,"double_room","2020-06-16 01:00:00"
"D",477,"double_room","2020-06-17 01:00:00"
"D",477,"double_room","2020-06-18 01:00:00"
"D",477,"double_room","2020-06-19 01:00:00"
"D",477,"double_room","2020-06-20 01:00:00"
"D",477,"double_room","2020-06-21 01:00:00"
"C",478,"single_room","2020-06-28 01:00:00"
"C",478,"single_room","2020-06-29 01:00:00"
"C",478,"single_room","2020-06-30 01:00:00"
"C",478,"single_room","2020-07-01 01:00:00"
"C",478,"single_room","2020-07-02 01:00:00"
"C",478,"single_room","2020-07-03 01:00:00"
"C",478,"single_room","2020-07-04 01:00:00"
"B",479,"economy_room","2019-09-07 01:00:00"
"B",479,"economy_room","2019-09-08 01:00:00"
"B",479,"economy_room","2019-09-09 01:00:00"
"B",479,"economy_room","2019-09-10 01:00:00"
"B",479,"economy_room","2019-09-11 01:00:00"
"B",479,"economy_room","2019-09-12 01:00:00"
"E",480,"single_room","2016-01-07 01:00:00"
"E",480,"single_room","2016-01-08 01:00:00"
"E",480,"single_room","2016-01-09 01:00:00"
"C",481,"economy_room","2017-10-24 01:00:00"
"C",481,"economy_room","2017-10-25 01:00:00"
"C",481,"economy_room","2017-10-26 01:00:00"
"B",482,"single_room","2018-08-31 01:00:00"
"B",482,"single_room","2018-09-01 01:00:00"
"A",483,"single_room","2016-08-19 01:00:00"
"A",483,"single_room","2016-08-20 01:00:00"
"B",484,"single_room","2020-01-18 01:00:00"
"B",484,"single_room","2020-01-19 01:00:00"
"C",485,"single_room","2017-10-10 01:00:00"
"C",485,"single_room","2017-10-11 01:00:00"
"C",485,"single_room","2017-10-12 01:00:00"
"D",486,"single_room","2016-09-02 01:00:00"
"D",486,"single_room","2016-09-03 01:00:00"
"D",486,"single_room","2016-09-04 01:00:00"
"A",487,"double_room","2016-09-19 01:00:00"
"A",487,"double_room","2016-09-20 01:00:00"
"A",487,"double_room","2016-09-21 01:00:00"
"A",487,"double_room","2016-09-22 01:00:00"
"D",488,"economy_room","2015-05-09 01:00:00"
"D",488,"economy_room","2015-05-10 01:00:00"
"D",488,"economy_room","2015-05-11 01:00:00"
"D",488,"economy_room","2015-05-12 01:00:00"
"A",489,"single_room","2017-10-07 01:00:00"
"A",489,"single_room","2017-10-08 01:00:00"
"E",490,"single_room","2016-04-21 01:00:00"
"E",490,"single_room","2016-04-22 01:00:00"
"E",490,"single_room","2016-04-23 01:00:00"
"E",490,"single_room","2016-04-24 01:00:00"
"E",490,"single_room","2016-04-25 01:00:00"
"E",490,"single_room","2016-04-26 01:00:00"
"C",491,"single_room","2018-03-01 01:00:00"
"C",491,"single_room","2018-03-02 01:00:00"
"C",491,"single_room","2018-03-03 01:00:00"
"C",491,"single_room","2018-03-04 01:00:00"
"C",491,"single_room","2018-03-05 01:00:00"
"E",492,"suite_room","2016-06-20 01:00:00"
"E",492,"suite_room","2016-06-21 01:00:00"
"E",492,"suite_room","2016-06-22 01:00:00"
"E",492,"suite_room","2016-06-23 01:00:00"
"E",492,"suite_room","2016-06-24 01:00:00"
"E",492,"suite_room","2016-06-25 01:00:00"
"E",492,"suite_room","2016-06-26 01:00:00"
"D",493,"economy_room","2016-09-15 01:00:00"
"D",493,"economy_room","2016-09-16 01:00:00"
"D",493,"economy_room","2016-09-17 01:00:00"
"D",493,"economy_room","2016-09-18 01:00:00"
"A",494,"single_room","2017-08-05 01:00:00"
"A",494,"single_room","2017-08-06 01:00:00"
"A",494,"single_room","2017-08-07 01:00:00"
"A",494,"single_room","2017-08-08 01:00:00"
"A",494,"single_room","2017-08-09 01:00:00"
"A",494,"single_room","2017-08-10 01:00:00"
"A",494,"single_room","2017-08-11 01:00:00"
"B",495,"suite_room","2017-07-30 01:00:00"
"B",495,"suite_room","2017-07-31 01:00:00"
"B",495,"suite_room","2017-08-01 01:00:00"
"B",495,"suite_room","2017-08-02 01:00:00"
"B",495,"suite_room","2017-08-03 01:00:00"
"C",496,"single_room","2019-05-11 01:00:00"
"C",496,"single_room","2019-05-12 01:00:00"
"C",496,"single_room","2019-05-13 01:00:00"
"C",496,"single_room","2019-05-14 01:00:00"
"C",496,"single_room","2019-05-15 01:00:00"
"C",496,"single_room","2019-05-16 01:00:00"
"C",496,"single_room","2019-05-17 01:00:00"
"C",496,"single_room","2019-05-18 01:00:00"
"C",497,"double_room","2018-09-16 01:00:00"
"C",497,"double_room","2018-09-17 01:00:00"
"D",498,"single_room","2019-10-06 01:00:00"
"D",498,"single_room","2019-10-07 01:00:00"
"D",498,"single_room","2019-10-08 01:00:00"
"D",498,"single_room","2019-10-09 01:00:00"
"D",498,"single_room","2019-10-10 01:00:00"
"D",498,"single_room","2019-10-11 01:00:00"
"E",499,"single_room","2017-03-16 01:00:00"
"E",499,"single_room","2017-03-17 01:00:00"
"E",499,"single_room","2017-03-18 01:00:00"
"E",499,"single_room","2017-03-19 01:00:00"
"D",500,"economy_room","2018-05-17 01:00:00"
"D",500,"economy_room","2018-05-18 01:00:00"
"D",500,"economy_room","2018-05-19 01:00:00"
